Date,Close,High,Low,Open,Volume
,AAPL,AAPL,AAPL,AAPL,AAPL
2020-01-02,72.53852081298828,72.59889913772518,71.29231130597061,71.5458973217052,135480400
2020-01-03,71.83329010009766,72.59405542623057,71.60868452797844,71.76566667933918,146322800
2020-01-06,72.40568542480469,72.4443284378041,70.70301958367426,70.9541954829699,118387200
2020-01-07,72.06514739990234,72.67134068922641,71.84536944211234,72.41533721540509,108872000
2020-01-08,73.2243881225586,73.52627962431049,71.76806381292334,71.76806381292334,132079200
2020-01-09,74.77977752685547,74.97298525297698,73.95138852976605,74.20255709964356,170108400
2020-01-10,74.94882202148438,75.51396965111952,74.44647758118805,75.01403533204297,140644800
2020-01-13,76.55003356933594,76.5766038580251,75.14684225138329,75.2651887494365,121532000
2020-01-14,75.5163803100586,76.69738393857047,75.39321353332888,76.48726853727727,161954400
2020-01-15,75.19273376464844,76.19742976100052,74.76042298692015,75.31590787968373,121923600
2020-01-16,76.1346435546875,76.24574496948411,75.3738782015038,75.73614811924845,108829200
2020-01-17,76.97754669189453,76.97995681333275,76.07669931334733,76.38341859056756,137816400
2020-01-21,76.45585632324219,77.04755940221253,76.31819199284013,76.60559336877427,110843200
2020-01-22,76.72874450683594,77.28180441314727,76.6345508236,76.94126992593675,101832400
2020-01-23,77.0982894897461,77.17798563171488,76.23366779231166,76.78190767247501,104472000
2020-01-24,76.8760986328125,78.08849275649891,76.68530106036428,77.34463502870749,146537600
2020-01-27,74.61553192138672,75.29659377968004,73.63257108817264,74.88360812840847,161940000
2020-01-28,76.72636413574219,76.89783652233591,75.39804092914581,75.49706227081296,162234000
2020-01-29,78.33241271972656,79.1801266517597,77.61753550777614,78.35898301190313,216229200
2020-01-30,78.21891784667969,78.27205107194843,76.98237082631806,77.4146817332591,126743200
2020-01-31,74.75078582763672,77.9315119457232,74.456139298992,77.50886365949354,199588400
2020-02-03,74.54550170898438,75.7120077933663,72.99015534954077,73.492499808615,173788400
2020-02-04,77.00651550292969,77.197313069489,75.74581580955447,76.15155637582674,136616400
2020-02-05,77.63444519042969,78.43385354098093,77.03066200298008,78.13437206813377,118826800
2020-02-06,78.54253387451172,78.544951365906,77.34704752803583,77.90494263047137,105425600
2020-02-07,77.47494506835938,78.29077542045333,76.98350975131173,78.0414266120576,117684000
2020-02-10,77.8428955078125,77.8428955078125,75.97883426440146,76.05871954270658,109348800
2020-02-11,77.37325286865234,78.41180589004748,77.15537652396827,78.33918290445037,94323200
2020-02-12,79.21067810058594,79.21551716925477,77.8235202802382,77.8235202802382,113730400
2020-02-13,78.64662170410156,78.97343988034811,78.27865296968668,78.48200469564426,94747600
2020-02-14,78.66600036621094,78.91534913157656,78.15761730819476,78.61515688888446,80113600
2020-02-18,77.2255859375,77.40715079471983,76.16282276038466,76.34438761760448,152531200
2020-02-19,78.34402465820312,78.57400976696101,77.46767279180867,77.46767279180867,93984000
2020-02-20,77.540283203125,78.59336068691168,77.0343234338156,78.10434874137093,100566000
2020-02-21,75.78515625,77.57660179653178,75.16783878997336,77.13357947900434,129554000
2020-02-24,72.18533325195312,73.63785189891229,70.0186640363075,71.96261786330551,222195200
2020-02-25,69.74026489257812,73.23841723217687,69.26820072326095,72.85592387195561,230673600
2020-02-26,70.84660339355469,72.11271828103145,69.35777309270347,69.36503539122887,198054800
2020-02-27,66.21548461914062,69.23672624207228,66.07991679515257,68.05050408823062,320605600
2020-02-28,66.17675018310547,67.39929122080478,62.06370365251087,62.27916414492055,426510000
2020-03-02,72.33784484863281,72.97453333535833,67.23224297649529,68.3361564954498,341397200
2020-03-03,70.04043579101562,73.59426220602887,69.18828697406445,73.51437694838485,319475600
2020-03-04,73.28924560546875,73.44902354050599,70.9627984910642,71.76410400685508,219178400
2020-03-05,70.9119873046875,72.51701474039015,70.54643429218783,71.5414063518363,187572800
2020-03-06,69.97025299072266,70.403589845972,68.08198145661343,68.26838538116881,226176800
2020-03-09,64.4361572265625,67.32182373363995,63.668739886760385,63.8503047343462,286744800
2020-03-10,69.07695770263672,69.34325431741347,65.21083618798149,67.09185293080515,285290000
2020-03-11,66.67787170410156,68.0795543718944,65.81362127140751,67.15236648355659,255598800
2020-03-12,60.093116760253906,65.36333966293708,60.03743791262368,61.95960486263178,418474000
2020-03-13,67.29278564453125,67.76485728131117,61.23578029525555,64.12629743078345,370732000
2020-03-16,58.635765075683594,62.7197589173465,58.10075235573811,58.572820229839216,322423600
2020-03-17,61.21397018432617,62.363876945469265,57.7133990472889,59.91880640470083,324056000
2020-03-18,59.7154655456543,60.52161388588787,57.40353915642415,58.04507047998226,300233600
2020-03-19,59.2579231262207,61.209139394324836,58.73259595357314,59.88976893183757,271857200
2020-03-20,55.49589920043945,60.96463122654848,55.195710672226056,59.8389270162078,401693200
2020-03-23,54.31694793701172,55.31676638458161,51.47001196844014,55.2150904957698,336752800
2020-03-24,59.76629638671875,59.96238579534628,56.720848788250144,57.219546221042535,287531200
2020-03-25,59.43706512451172,62.51882454095762,59.14171936553053,60.703176199981115,303602000
2020-03-26,62.5648307800293,62.62292917138006,59.64042564443605,59.67916036796759,252087200
2020-03-27,59.97449493408203,61.942655145225594,59.80745470235101,61.18734664760273,204216800
2020-03-30,61.68605041503906,61.85793342734731,60.376361777058186,60.700760441559225,167976400
2020-03-31,61.56016540527344,63.54527367451045,61.005789027148815,61.87730177654374,197002000
2020-04-01,58.321048736572266,60.21174335831203,57.890135142365466,59.67431113291772,176218400
2020-04-02,59.29423522949219,59.34749454652656,57.350281239576255,58.18305925799057,165934000
2020-04-03,58.44209671020508,59.48064606073332,57.851405121245946,58.77859676208636,129880000
2020-04-06,63.540443420410156,63.69537493741288,60.37153204839501,60.73950086568339,201820400
2020-04-07,62.80449676513672,65.77490274638198,62.70040134680594,65.55701899354938,202887200
2020-04-08,64.4119644165039,64.72667394842254,63.24026650501276,63.6058121393102,168895200
2020-04-09,64.87675476074219,65.38029878683781,64.080295544256,65.04864148440106,161834800
2020-04-13,66.150146484375,66.2590883815932,64.35386112239638,64.95423839605957,131022800
2020-04-14,69.49092864990234,69.78143541250135,67.31215009409136,67.7842217363413,194994800
2020-04-15,68.85664367675781,69.3166064306414,67.93671816899065,68.36520850392205,131154400
2020-04-16,69.40377044677734,69.76932337939922,68.35311605698439,69.57081070155868,157125200
2020-04-17,68.46202850341797,69.46669293760961,67.02403474808713,68.91957532915522,215250000
2020-04-20,67.04100799560547,68.19091879039594,67.02164432762936,67.28794093663315,130015200
2020-04-21,64.96875,67.11847920865577,64.25701512989387,66.88365501834329,180991600
2020-04-22,66.840087890625,67.27584066000009,65.8959519650496,66.2372874479201,116862400
2020-04-23,66.5810546875,68.20787638244808,66.54231995810906,66.78440647588174,124814400
2020-04-24,68.5031967163086,68.5128822420226,67.05794044796141,67.10636068864,126161200
2020-04-27,68.55162048339844,68.88327772422247,67.77210185087893,68.21995585468255,117087600
2020-04-28,67.44044494628906,69.19557183776718,67.3484582943587,69.01400698692461,112004800
2020-04-29,69.65554809570312,70.12519647509855,68.72593686507632,68.92928862916094,137280800
2020-04-30,71.12499237060547,71.30171812959233,69.80562571918327,70.19538133730589,183064000
2020-05-01,69.97992706298828,72.38384357310822,69.20040845206991,69.29724154783354,240616800
2020-05-04,70.97005462646484,71.09836013147505,69.31418442698012,70.00413219040487,133568000
2020-05-05,72.03523254394531,72.86801039665262,71.28476318520556,71.43001651075052,147751200
2020-05-06,72.7784652709961,73.41030748628177,72.3523906692474,72.73730731555251,142333600
2020-05-07,73.53133392333984,73.87752315205448,73.10284357834273,73.40545163246576,115215200
2020-05-08,75.28150939941406,75.33491288731747,73.86389829348582,74.19160117798899,133838400
2020-05-11,76.4660873413086,76.96127521844708,74.57997904728234,74.78874082159405,145946400
2020-05-12,75.59221649169922,77.60211807775983,75.47084560508229,77.15061452744153,162301200
2020-05-13,74.67950439453125,76.69426553932014,73.60173033825646,75.77184236444022,200622400
2020-05-14,75.13829803466797,75.19898348401253,73.19393386714296,73.91730709017112,158929200
2020-05-15,74.69408416748047,74.7402057064117,72.87352049775028,72.90750790870699,166348400
2020-05-18,76.45394897460938,76.8277733901168,75.3276309672179,76.01944652197729,135178400
2020-05-19,76.01217651367188,77.31812127307398,75.9806188920403,76.47095469800648,101729600
2020-05-20,77.49047088623047,77.56086067764168,76.83263524563915,76.87147482429302,111504800
2020-05-21,76.91273498535156,77.89341385727374,76.67484537253091,77.35209701743804,102688800
2020-05-22,77.40792083740234,77.49045214412094,76.54861296126474,76.65056034866812,81803200
2020-05-26,76.88362121582031,78.7066072917133,76.82778792899896,78.52698071099894,125522000
2020-05-27,77.21858215332031,77.36422869926452,76.00002111496565,76.74038797022739,112945200
2020-05-28,77.25257110595703,78.51240153060692,76.6165888307401,76.89331060647892,133560800
2020-05-29,77.17732238769531,77.9565214299296,76.82049167356892,77.49531352794295,153532400
2020-06-01,78.12644958496094,78.24782048460888,77.00012408043993,77.13120672626943,80791200
2020-06-02,78.48811340332031,78.51238905892326,77.4176214398733,77.85941318502095,87642800
2020-06-03,78.92020416259766,79.18236942622238,78.23567058388883,78.80854502107137,104491200
2020-06-04,78.24053192138672,79.04157682827717,77.86670750782196,78.74300918140095,87560400
2020-06-05,80.46893310546875,80.52961857538237,78.46146042756793,78.49058826786337,137250400
2020-06-08,80.94468688964844,80.97867430093662,79.4542559362644,80.16548770561455,95654400
2020-06-09,83.50074005126953,83.89398053792564,80.59269835430385,80.62425597002903,147712400
2020-06-10,85.64901733398438,86.11750723835495,84.01051015507953,84.44987222819896,166651600
2020-06-11,81.53697967529297,85.21694672779525,81.43503225453793,84.79214852289937,201662400
2020-06-12,82.24092102050781,84.42559727745287,81.12916680700161,83.6779557734375,200146000
2020-06-15,83.25801086425781,83.91098692440009,80.73106773858638,80.89370801041294,138808800
2020-06-16,85.46450805664062,85.73638502646783,83.67793241654452,85.31400936398893,165428800
2020-06-17,85.34556579589844,86.27041121444294,85.22419492829009,86.20972578063876,114406400
2020-06-18,85.37958526611328,85.79710150383502,84.77030091132649,85.3019061037714,96820400
2020-06-19,84.89164733886719,86.5520000635857,83.78231573429939,86.08594003974744,264476000
2020-06-22,87.11273193359375,87.25594867927818,85.23876529939096,85.28488682520853,135445200
2020-06-23,88.97215270996094,90.39219373833417,87.93807025920542,88.35801624501319,212155600
2020-06-24,87.40159606933594,89.52073426597426,87.0277716909011,88.60074093656063,192623200
2020-06-25,88.56192016601562,88.6007597441656,86.79718989219901,87.5569729349939,137522400
2020-06-26,85.84078216552734,88.67843434218518,85.6927058184488,88.45753841975109,205256800
2020-06-29,87.81910705566406,87.91377989075716,85.27031876666028,85.74852029434136,130646000
2020-06-30,88.55219268798828,88.83863359997088,87.38703518205058,87.40645126373022,140223200
2020-07-01,88.38470458984375,89.1736153626138,88.33616067933104,88.62987615436822,110737200
2020-07-02,88.38470458984375,89.92854613881406,88.27062306658787,89.29256387033587,114041600
2020-07-06,90.74901580810547,91.21750566495867,89.78290085821105,89.81445847482968,118655600
2020-07-07,90.4674301147461,91.90688702119085,90.3557709756679,91.12768802006694,112424400
2020-07-08,92.57444763183594,92.60600525401361,91.35830873097584,91.4456996391519,117092000
2020-07-09,92.97252655029297,93.52111790635368,91.92388033894679,93.46771442129742,125642800
2020-07-10,93.13517761230469,93.19344068515322,91.95545594958702,92.56716265530444,90257200
2020-07-13,92.70552062988281,97.05302710538204,92.491906663148,94.44112299776556,191649200
2020-07-14,94.23963165283203,94.43139230039652,91.15195631671575,92.08650612178975,170989200
2020-07-15,94.88776397705078,96.36606058527201,93.6886189450088,96.11603683855265,153198000
2020-07-16,93.72017669677734,94.57705491810681,93.1206041798998,93.75901627207651,110577600
2020-07-17,93.53083801269531,94.32703078332698,93.05748856156698,94.17167989066034,92186800
2020-07-20,95.50191497802734,95.64027959696287,93.27354678967762,93.61824344262168,90318000
2020-07-21,94.1838150024414,96.36849112363207,93.93379125377636,96.29324176097793,103433200
2020-07-22,94.44839477539062,95.13049855916786,93.79784860710124,93.88523208886058,89001600
2020-07-23,90.14944458007812,94.25906118948085,89.33868791358677,94.18138204100602,197004400
2020-07-24,89.9261245727539,90.27082118599914,86.55686722526087,88.34588050233073,185438800
2020-07-27,92.0573959350586,92.14963900239098,90.76601521608015,90.98933351898751,121214000
2020-07-28,90.54513549804688,91.80496623177865,90.5402759202281,91.62776202293269,103625600
2020-07-29,92.28071594238281,92.4652020656453,90.9917576836522,91.02816746906157,90329200
2020-07-30,93.39733123779297,93.50170842708098,91.04516275680574,91.45296717627383,158130000
2020-07-31,103.17498779296875,103.32548653981968,97.89777545858072,99.89797314210472,374336800
2020-08-03,105.77471923828125,108.39632721665906,104.76006048509976,105.05862810128014,308151200
2020-08-04,106.4811019897461,107.5734399165085,105.24068773636387,105.96406085248272,173071600
2020-08-05,106.86707305908203,107.18749399981073,105.73589542861245,106.20196292493524,121776800
2020-08-06,110.5955810546875,111.09077637005811,106.60976509533027,107.19962585470167,202428800
2020-08-07,108.08110046386719,110.57368961748969,107.28347223155788,110.11651110240133,198045600
2020-08-10,109.65205383300781,110.67097638858233,106.99896497013046,109.52802993062933,212403600
2020-08-11,106.39100646972656,109.41372516958415,106.13080268423259,108.9152102791965,187902400
2020-08-12,109.92684173583984,110.18461136167227,107.2883431931704,107.48288378658236,165598000
2020-08-13,111.87227630615234,112.8766086225027,110.81930513128101,111.30809820079968,210082000
2020-08-14,111.77259063720703,111.86256586147837,109.96090046073344,111.69720558869597,165565200
2020-08-17,111.48075103759766,112.92037661537533,110.85335133570575,112.89605718665909,119561600
2020-08-18,112.40971374511719,112.83527783176717,110.89713709457415,111.23272596173223,105633600
2020-08-19,112.55075073242188,113.96605702763473,112.4559145982573,112.81824963342837,145538000
2020-08-20,115.04820251464844,115.16249715621257,112.5750641732495,112.59208851632775,126907200
2020-08-21,120.97692108154297,121.46084583474001,115.99660304237206,116.00875904693801,338054800
2020-08-24,122.42384338378906,125.27148042738582,120.55622676537673,125.18635870420123,345937600
2020-08-25,121.41950988769531,121.76482801035655,119.6953682864558,121.29549340088454,211495600
2020-08-26,123.0706787109375,123.52785723369402,121.66996279802345,122.73752407416738,163022400
2020-08-27,121.59944915771484,124.00692412752836,120.45406865293813,123.67376948239601,155552400
2020-08-28,121.40247344970703,122.9928616302125,121.1787451014989,122.57459270019099,187630000
2020-08-31,125.5195083618164,127.42604193210997,122.56245254538821,124.09934857269191,225702700
2020-09-01,130.51930236816406,131.12239765919617,126.96888738067553,129.13804450192882,151948100
2020-09-02,127.8150863647461,134.21556993690663,123.53513487306986,133.8362106676103,200119000
2020-09-03,117.58212280273438,125.32495545599747,117.21249271726687,123.44761726135523,257599600
2020-09-04,117.65994262695312,120.32518728542867,107.86467480854796,116.79422439020836,332607200
2020-09-08,109.74201965332031,115.74368657539894,109.60583975780702,110.84118807317701,231366600
2020-09-09,114.11925506591797,115.88960121264321,112.11545871886855,114.06089437114895,176940500
2020-09-10,110.39374542236328,117.21249954875044,109.43075684011971,117.07631964504925,182274400
2020-09-11,108.94438934326172,112.08627097984936,106.9989538192749,111.44427369473487,180860300
2020-09-14,112.21273040771484,112.76717927863528,109.72257511673861,111.59019158497078,140150100
2020-09-15,112.3878173828125,115.5880598889027,110.51047170055435,115.10170098076587,184642000
2020-09-16,109.07085418701172,112.83527508788637,108.98331313922904,112.08628557894545,154679000
2020-09-17,107.32967376708984,109.13892938917895,105.74414649450532,106.72659350722516,178011000
2020-09-18,103.92515563964844,107.85493604325933,103.19561736370885,107.38803570255637,287104900
2020-09-21,107.0767593383789,107.1837588722249,100.28718696193107,101.68790273500836,195713800
2020-09-22,108.75958251953125,109.7809392501185,106.18188610459384,109.60584973691063,183055400
2020-09-23,104.19754028320312,109.05140034753937,103.8570830937395,108.574770672038,150718700
2020-09-24,105.26750946044922,107.242125181147,102.1353573153781,102.30071754136085,167743300
2020-09-25,109.21675872802734,109.37239714582383,104.73252885742939,105.47179649946621,149981400
2020-09-28,111.82363891601562,112.17381792247089,109.70311378636897,111.87227777517529,137672400
2020-09-29,110.97736358642578,112.16408041867875,110.47155362609944,111.42482027829774,99382200
2020-09-30,112.65045166015625,114.06089699323232,110.52020461838681,110.68556487153249,142675200
2020-10-01,113.60369873046875,114.50832646966064,112.66989064827823,114.43050727416637,116120400
2020-10-02,109.93655395507812,112.22244654459766,109.15838422824464,109.81010332254509,144712000
2020-10-05,113.32161712646484,113.46752627225055,110.45210275141814,110.80228173280487,106243800
2020-10-06,110.07275390625,112.9519978108433,109.18757711311163,112.54345067949198,161498200
2020-10-07,111.94036102294922,112.39753955518432,111.01627470298001,111.49291174621311,96849000
2020-10-08,111.83335876464844,113.22434541737783,111.46372127712412,113.07843627342072,83477200
2020-10-09,113.77880096435547,113.80798131062522,111.78472652844798,112.13490552618049,100506900
2020-10-12,121.00609588623047,121.76481458334483,116.0257780752071,116.78449677232146,240226800
2020-10-13,117.79613494873047,121.96909558575003,116.38569697728092,121.85236676734615,262330500
2020-10-14,117.88367462158203,119.67347184273211,116.35650794568298,117.69885586154554,150712000
2020-10-15,117.41677856445312,117.89340826459105,114.92662307822374,115.48107199261852,112559200
2020-10-16,115.7728500366211,118.23383189518665,115.56858022314269,117.97119397696682,115393800
2020-10-19,112.81580352783203,117.1346651236104,112.50453415677372,116.68721586654202,120639300
2020-10-20,114.30406951904297,115.73396585696945,112.47535532523321,113.02980416838349,124423700
2020-10-21,113.6815414428711,115.47133878200704,113.27299429263485,113.4869934138899,89946000
2020-10-22,112.59207916259766,114.81960369273567,111.46372301440654,114.24569636322538,101988000
2020-10-23,111.90145874023438,113.37026472424279,111.16219112016253,113.2146263110706,82572600
2020-10-26,111.91117095947266,113.370247465222,109.800367974341,110.8995436916035,111850700
2020-10-27,113.41888427734375,114.08033262151682,111.41508815584027,112.33916701816054,92276800
2020-10-28,108.16619873046875,112.28079761799923,108.06892845060031,111.91116758600046,143937800
2020-10-29,112.17381286621094,113.73988906858685,109.138930754146,109.30429841508608,146129200
2020-10-30,105.89006042480469,108.93466447069503,104.78116272521534,108.03003661879342,190272600
2020-11-02,105.80250549316406,107.66039994190102,104.39206773628062,106.13323338437135,122866900
2020-11-03,107.42694854736328,108.44829771179337,105.76360211850799,106.66822990485883,107624400
2020-11-04,111.81389617919922,112.43643491089769,109.28483165401832,111.02599722029115,138235500
2020-11-05,115.78258514404297,116.3564924386585,113.68151879830341,114.73204826054969,126387100
2020-11-06,115.65106964111328,116.14800627447282,113.15661069606604,115.29054042608115,114457900
2020-11-09,113.34174346923828,118.86656705608227,113.07865981779163,117.41471908421029,154515300
2020-11-10,113.00068664550781,114.57920314699663,111.20779443592696,112.5914421772737,138023400
2020-11-11,116.43057250976562,116.56698735100086,113.45866925822499,114.18946623657861,112295000
2020-11-12,116.15775299072266,117.44395548780155,115.53414010935421,116.5572589421894,103162300
2020-11-13,116.20647430419922,116.6059728165846,114.85206439758592,116.38186588950428,81581900
2020-11-16,117.2198486328125,117.89217685699917,115.12489562341473,115.87517731633525,91183000
2020-11-17,116.3331298828125,117.58035548799745,115.91413933412841,116.48903680048612,74271000
2020-11-18,115.0079574584961,116.75212717189736,114.97872676825749,115.57310891661412,76322100
2020-11-19,115.60232543945312,116.01156992074252,113.81917921291296,114.57920680217912,74113000
2020-11-20,114.33561706542969,115.72900356959502,114.28690172841969,115.60233477250766,73604300
2020-11-23,110.93497467041016,114.60845147390663,110.83753656463605,114.17971488763942,127959300
2020-11-24,112.2211685180664,112.88375799495019,109.70722543512055,110.99343509676294,113874200
2020-11-25,113.05916595458984,113.76073225947121,112.22118480532058,112.59146004070323,76499200
2020-11-27,113.60482788085938,114.4817857816356,113.24430611291088,113.58534323153174,46691300
2020-11-30,116.00184631347656,117.87268484188316,113.8191939296174,113.97510085734369,169410200
2020-12-01,119.577880859375,120.30867787495882,116.93726853515172,117.91166455593012,127728200
2020-12-02,119.92865753173828,120.21123325455888,117.79472798281287,118.89579275045067,89004200
2020-12-03,119.79224395751953,120.61073301099076,119.08093162233982,120.3573879750848,78967600
2020-12-04,119.11991119384766,119.71429334953903,118.40859884170744,119.46094830759233,78260400
2020-12-07,120.58150482177734,121.38050924323434,119.11991082393762,119.17837220495473,86712000
2020-12-08,121.19537353515625,121.78001709074977,119.93840178511279,121.18563492753421,82225500
2020-12-09,118.66193389892578,122.72516309946796,117.90190627108922,121.34152267781417,115089200
2020-12-10,120.08455657958984,120.69843079499793,117.07367661772612,117.41471371847992,81312200
2020-12-11,119.27582550048828,119.61686263532849,117.46344823070665,119.2953101507426,86939800
2020-12-14,118.66193389892578,120.19173519532912,118.42808095975704,119.46093825563229,79184500
2020-12-15,124.60574340820312,124.62523548902008,120.95175883034318,121.15638107461726,157243700
2020-12-16,124.53755187988281,125.08321126755321,123.31955686522454,124.14779942243345,98208600
2020-12-17,125.40474700927734,126.26222014302118,124.76164215896948,125.5996232120097,94359800
2020-12-18,123.41698455810547,125.79451286164254,122.89080989581198,125.65809803446096,192541500
2020-12-21,124.9468002319336,125.02475369942195,120.28918834325576,121.81898983096859,121251600
2020-12-22,128.50335693359375,130.9685777717825,126.33044301842824,128.24026583476893,168904800
2020-12-23,127.60690307617188,129.03925147681866,127.43150406974205,128.77617526932784,88223700
2020-12-24,128.59103393554688,130.04288924480903,127.74331422195132,127.95768251910687,54930100
2020-12-28,133.19017028808594,133.82352163941158,130.09158377292042,130.5593044830477,124486200
2020-12-29,131.41677856445312,135.23640894920797,130.90034989432698,134.5153654533124,121047300
2020-12-30,130.2962188720703,132.5081016930773,129.9844050523243,132.10859581206566,96452100
2020-12-31,129.29258728027344,131.29010173967114,128.34742211950626,130.64699691249126,99116600
2021-01-04,126.09657287597656,130.18903254892197,123.5144223383572,130.10134048912553,143301900
2021-01-05,127.6556167602539,128.3669365572837,125.14167325368666,125.58990196321088,97664900
2021-01-06,123.35851287841797,127.69457886274444,123.14414460239527,124.44983890451066,155088000
2021-01-07,127.56792449951172,128.25975221212653,124.58627507251094,125.0734730800105,109578200
2021-01-08,128.66900634765625,129.2341578626651,126.89559833144519,129.03926675065185,105158200
2021-01-11,125.67758178710938,126.83711531254554,125.2098759078761,125.88221147258122,100384500
2021-01-12,125.50218963623047,126.3694013561782,123.61185929052172,125.20986790485577,91951100
2021-01-13,127.53865814208984,128.0843173789982,125.20011430731135,125.46319045275703,88636800
2021-01-14,125.60941314697266,127.645897562642,125.4632448014193,127.45102130334304,90221800
2021-01-15,123.88469696044922,126.8858381851589,123.74828212605794,125.48270567821912,111598500
2021-01-19,124.55702209472656,125.41449519229258,123.68981039127024,124.50829932907384,90757300
2021-01-20,128.6494903564453,129.0977190154373,125.25859676461178,125.36578090905975,104319500
2021-01-21,133.3655548095703,136.09386615455463,130.16953762113462,130.37416729095122,120150900
2021-01-22,135.50924682617188,136.26927444924834,131.56294040290453,132.7906739013892,114459400
2021-01-25,139.26065063476562,141.3750878076961,133.04400046392547,139.40681893054085,157611700
2021-01-26,139.49453735351562,140.60534821810342,137.75036015705467,139.92327397986588,98390600
2021-01-27,138.42266845703125,140.60532045654497,136.81492129375977,139.75758597887605,140843800
2021-01-28,133.57994079589844,138.35448999967483,133.19992695994156,135.9477307492471,142621100
2021-01-29,128.58131408691406,133.2389261898638,126.8761209359315,132.35222218300783,177523800
2021-02-01,130.70545959472656,131.91371580928939,127.57764235343213,130.32544580541983,106239800
2021-02-02,131.53369140625,132.81988610161744,131.16341625287015,132.2547347662849,83305400
2021-02-03,130.51058959960938,132.2937358859012,130.189037167514,132.28398241128824,89880900
2021-02-04,133.8722686767578,133.8820072844467,131.14395684543172,132.8101805826387,84183100
2021-02-05,133.45750427246094,134.10157011842293,132.57924349365368,134.03326822644928,75693800
2021-02-08,133.60391235351562,133.65270793576502,131.6619613464302,132.74515775495385,71297200
2021-02-09,132.72561645507812,134.55046970081816,132.56949146196018,133.32088673165194,76774200
2021-02-10,132.1205596923828,133.68192835225943,131.1544611589237,133.18423446063727,73046600
2021-02-11,131.86688232421875,133.09645045385943,130.53972304081887,132.61827762495054,64280000
2021-02-12,132.10107421875,132.25721410503192,130.46165008374714,131.10571594692075,60145100
2021-02-16,129.97372436523438,132.72561913740805,129.58337464875356,132.21818684146174,80576300
2021-02-17,127.68048858642578,129.02716928514823,126.34357593876881,128.08059153174503,97918500
2021-02-18,126.57779693603516,126.86078752569648,124.33333387097746,126.08010277824297,96856700
2021-02-19,126.7339096069336,127.55363670145083,125.6897555852295,127.09498501546292,87668800
2021-02-22,122.95735931396484,126.5875301611266,122.56701700171384,124.91881659012454,103916400
2021-02-23,122.82073974609375,123.65021250049017,115.53112373320839,120.77145192783192,158273000
2021-02-24,122.32304382324219,122.52797184498519,119.2783904200208,121.92294838417055,111039900
2021-02-25,118.06832122802734,123.40623239958438,117.62919084390654,121.66921718039119,148199500
2021-02-26,118.33181762695312,121.83512279314837,118.27326144324365,119.62969515081251,164560400
2021-03-01,124.70411682128906,124.84073549345864,119.82485725763502,120.76167420043748,116307900
2021-03-02,122.0986099243164,125.61167577926304,121.99126560430425,125.30916402931615,102260900
2021-03-03,119.11250305175781,122.67436464921909,118.89781440194187,121.79609628413596,112966300
2021-03-04,117.2291030883789,120.61531086428089,115.75557186593713,118.80998607618001,178155000
2021-03-05,118.48794555664062,118.99539275523834,114.73091692483256,118.05857574839611,153766600
2021-03-08,113.55014038085938,118.07809310772461,113.40376109045417,118.00978376489019,154376600
2021-03-09,118.16592407226562,119.11250177531362,115.92146876906158,116.1556711821871,129525800
2021-03-10,117.0827407836914,119.21985186652402,116.56553290549272,118.7514470176131,111943300
2021-03-11,119.01490020751953,120.23471511713066,118.33180683620104,119.58089611241735,103026500
2021-03-12,118.10736083984375,118.24397951783547,116.28252245017181,117.49257678888105,88105100
2021-03-15,120.99588775634766,121.00564836102156,117.51209640376013,118.47819524715763,92403800
2021-03-16,122.53773498535156,124.14789226969461,121.70826227679905,122.66459306472457,115227900
2021-03-17,121.7472915649414,122.82072722265787,119.38572418377375,121.05443757273207,111932600
2021-03-18,117.61946105957031,120.2054708035151,117.41453299693998,119.91271217395108,121229700
2021-03-19,117.09248352050781,118.49771283246503,116.78997177230154,117.00466041109058,185549500
2021-03-22,120.41036987304688,120.8787820785301,117.35595599145238,117.42426532921458,111912300
2021-03-23,119.58089447021484,121.23983974643996,119.19055221546797,120.35181837592111,95467100
2021-03-24,117.19007873535156,119.93222828376645,117.17056496861947,119.8541583265163,88530500
2021-03-25,117.67799377441406,118.72216260318802,116.12639260654137,116.65335360086424,98844700
2021-03-26,118.28302001953125,118.5465042288051,116.04831804624526,117.44378670396847,94071200
2021-03-29,118.45867156982422,119.61993781154605,117.81461313280423,118.71239516993987,80819200
2021-03-30,117.00465393066406,117.49257992082933,115.98976697770112,117.2095819531143,85671900
2021-03-31,119.2003173828125,120.5372297916679,118.22446543116469,118.71239140698859,118323800
2021-04-01,120.02980041503906,121.18130611520114,119.53211379208796,120.6738663324064,75089100
2021-04-05,122.85979461669922,123.11351827571453,120.09813107806302,120.87881582342018,88651200
2021-04-06,123.16226959228516,124.06005156938677,122.61579490103361,123.44526754172878,80171300
2021-04-07,124.81146240234375,124.83097616492763,122.11810901104752,122.79144922016141,83466700
2021-04-08,127.21206665039062,127.24134101901195,125.41650255345681,125.83611176390906,88844600
2021-04-09,129.78829956054688,129.8273270838628,126.34354362809765,126.66557653414618,106686700
2021-04-12,128.07083129882812,129.64195373047176,127.4755609392533,129.31992075985053,91420000
2021-04-13,131.18374633789062,131.40820296609388,128.7441169120697,129.2418108447396,91266500
2021-04-14,128.84173583984375,131.7400174141813,128.48067537183306,131.68146867778168,87222800
2021-04-15,131.25210571289062,131.74003175643296,130.41287232238494,130.58853344102718,89347100
2021-04-16,130.92031860351562,131.41799780371278,130.06156400836352,131.05693729907884,84922400
2021-04-19,131.58389282226562,132.1986844065799,130.1201146808097,130.28600775000282,94264200
2021-04-20,129.8956756591797,132.2572359912941,128.6270649312646,131.75955677302224,94812300
2021-04-21,130.27621459960938,130.52017754829777,128.12934362921473,129.1637441492029,68847100
2021-04-22,128.75389099121094,130.91051516608923,128.23669071993334,129.8273190546684,84566500
2021-04-23,131.0764617919922,131.85713156314563,128.96861767310645,128.96861767310645,78657500
2021-04-26,131.46678161621094,131.79856771997257,130.33478973127393,131.57412593099494,66905100
2021-04-27,131.14476013183594,132.1401334204204,130.87152274129448,131.7497836551319,66015800
2021-04-28,130.35433959960938,131.7595691601595,129.86641349610298,131.0667075414383,107760100
2021-04-29,130.25674438476562,133.76006501598266,129.2516178339276,133.17454775379707,151101000
2021-04-30,128.28549194335938,130.33477191318826,127.9049103139399,128.59775679529238,109839500
2021-05-03,129.3394012451172,130.83246831624223,128.64655475092198,128.85147530654447,75135100
2021-05-04,124.76268768310547,128.31479612503944,123.64045629537989,128.0220375212291,137564700
2021-05-05,125.00666809082031,127.29991174067474,124.87980254467197,126.08009653639398,84000900
2021-05-06,126.6070327758789,126.61678593451141,124.06005123769593,124.80170077752533,78128300
2021-05-07,127.28155517578125,128.30792851357185,126.56796229624602,127.90716083913868,78973300
2021-05-10,123.99710083007812,126.62659678553494,123.9579995481262,126.49953067035334,88071200
2021-05-11,123.0782470703125,123.43014369302018,120.00885982186637,120.72244516785638,126142800
2021-05-12,120.00885772705078,121.83680347682719,119.50055598507281,120.62469358610521,112172300
2021-05-13,122.15937805175781,123.31283969833798,121.4653471184995,121.77814989768362,105861300
2021-05-14,124.58358764648438,125.013694229742,123.01957387710111,123.4105791838984,81918000
2021-05-17,123.43014526367188,124.07530523876078,122.3548860963308,123.96777857624596,74244600
2021-05-18,122.04207611083984,124.13394612750437,121.97365073488565,123.71361668726954,63342900
2021-05-19,121.88567352294922,122.1104965529405,120.09682917810171,120.39008503908883,92612000
2021-05-20,124.44673156738281,124.84751404054786,122.28643647584492,122.41351748333902,76857100
2021-05-21,122.60901641845703,125.12121552562014,122.39396313602347,124.94526351797502,79295400
2021-05-24,124.24146270751953,125.06257461018313,123.10755550398203,123.17598087438682,63092900
2021-05-25,124.04596710205078,125.43403637255953,123.47900975619554,124.94527412511385,72009500
2021-05-26,123.99710083007812,124.52495694971883,123.57677137135352,124.10462749099422,56575900
2021-05-27,122.46239471435547,124.76931783925218,122.26689578830224,123.5963093673209,94625600
2021-05-28,121.80747985839844,122.97071874535015,121.74883166504185,122.74588824113839,71311100
2021-06-01,121.48489379882812,122.53082878890919,121.15254410936616,122.26690447420742,67637100
2021-06-02,122.24734497070312,122.42329699238253,121.26006567031901,121.4848886960278,59278900
2021-06-03,120.76154327392578,122.04207853123913,120.36076073695506,121.87590368031279,76229200
2021-06-04,123.05867004394531,123.32260178464209,121.06454977410385,121.27960305680327,75169300
2021-06-07,123.06844329833984,123.47899548431124,122.02250846771439,123.33236757280564,71057600
2021-06-08,123.88955688476562,125.57088194290174,123.37147802234419,123.75270614592999,74403800
2021-06-09,124.27079772949219,124.87685639052275,123.67451625303815,124.34900029049098,56877900
2021-06-10,123.27373504638672,125.30695678436511,123.10756020588629,124.16326489562331,71186400
2021-06-11,124.4858169555664,124.57379667705035,123.26393024132291,123.68425956933486,53522400
2021-06-14,127.54544830322266,127.60409649266556,124.21214444863777,124.94527664789969,96906500
2021-06-15,126.72432708740234,127.66274274142094,126.4799497199154,127.01758291150882,62746300
2021-06-16,127.22285461425781,127.94621700907624,125.57087609933701,127.43790789607921,91815000
2021-06-17,128.82598876953125,129.56890564121335,126.73411873855628,126.8807541337841,96721700
2021-06-18,127.52586364746094,128.55223643012766,127.31081041865654,127.77024096059255,108953300
2021-06-21,129.32452392578125,129.43205057912303,126.30402282138007,127.3695047127403,79663300
2021-06-22,130.96673583984375,131.06449276893142,128.65981252013916,129.15835197662773,74783600
2021-06-23,130.69302368164062,131.29908974446735,130.23359300049012,130.76145650954527,60214200
2021-06-24,130.4095458984375,131.6118784063628,129.94033059947196,131.4261492149737,68711000
2021-06-25,130.11631774902344,130.87877412754855,129.8230618536797,130.45845211286021,70783700
2021-06-28,131.74874877929688,132.20817950576375,130.35091714623502,130.40956533844553,62111300
2021-06-29,133.2638702392578,133.4202753370262,131.3284056301101,131.76828191642397,64556100
2021-06-30,133.8797149658203,134.319591281627,132.81421821699357,133.1074740660687,63261400
2021-07-01,134.1827392578125,134.24138744394435,132.70669030063868,133.52780965332033,52485800
2021-07-02,136.81224060058594,136.85133441897935,134.65193797296,134.79855843644995,78852600
2021-07-06,138.82589721679688,139.9304727602518,136.91975675935547,136.91975675935547,108181800
2021-07-07,141.31854248046875,141.6313377353685,139.4514959287153,140.31169406639702,104911600
2021-07-08,140.01849365234375,140.82004384366806,137.5062865843974,138.3958239838689,105575500
2021-07-09,141.84640502929688,142.3742535997312,139.44172508137947,139.53948199823574,99890800
2021-07-12,141.25013732910156,143.02921196222175,140.76138252865485,142.92168530949897,76299700
2021-07-13,142.364501953125,144.1435766396761,140.39971296594135,140.79071085179643,100827100
2021-07-14,145.7955322265625,146.20609933179037,144.35859210509756,144.76915921032545,127050800
2021-07-15,145.14064025878906,146.62645922194355,143.7819023332903,145.8835571981737,106820300
2021-07-16,143.09765625,146.39185943911193,142.59913163129056,145.12110865625078,93251400
2021-07-19,139.2462615966797,140.82983754217113,138.4838051811381,140.5170272611207,121434600
2021-07-20,142.86302185058594,143.79166790162552,139.74477876057173,140.23353355980825,96350000
2021-07-21,142.1298828125,142.8434755242887,141.3772111971352,142.2569638271825,74993500
2021-07-22,143.4984130859375,144.86692056753935,142.53067320676791,142.65775422849268,77338200
2021-07-23,145.21884155273438,145.375246687613,143.61572620926512,144.2315621055905,71447400
2021-07-26,145.63912963867188,146.4602339479517,144.37813417064035,144.9353216834007,72434100
2021-07-27,143.4690704345703,145.85419595024982,142.27650767673055,145.76620876125995,104818600
2021-07-28,141.71937561035156,143.66462560527077,139.33424916067446,141.55320072369267,118931200
2021-07-29,142.364501953125,143.25403929640055,141.32834413155712,141.43587078750923,56699500
2021-07-30,142.5795135498047,143.03894413485372,140.8688721973567,141.1328038966763,70440600
2021-08-02,142.2471923828125,143.6450238649846,141.98326063074202,143.06829681635188,62880000
2021-08-03,144.04583740234375,144.71053687305948,141.91485839054755,142.53069430623984,64786600
2021-08-04,143.64505004882812,144.46615463203972,142.9901203277702,143.95786031802183,56368300
2021-08-05,143.7525634765625,144.51501979299104,142.88258050445233,143.67436091646556,46397700
2021-08-06,143.0672607421875,144.0168667237269,142.56798937643336,143.2728518562968,54126800
2021-08-09,143.0183563232422,143.6155312622221,142.46034872273202,143.1260440970898,48908700
2021-08-10,142.53866577148438,144.60430216687507,142.24497049035554,143.3610006082751,69023100
2021-08-11,142.7931365966797,143.6350547655628,142.47007341046165,142.97914403158916,48493500
2021-08-12,145.75946044921875,145.91609989817144,142.77358630713317,143.1162332344722,72282600
2021-08-13,145.96502685546875,146.29787442461313,145.15247665694042,145.83775545751928,59375000
2021-08-16,147.9425811767578,148.01111654322713,143.3903569726172,145.41682586535111,103296000
2021-08-17,147.03213500976562,148.49079698288415,145.95525743273268,147.07128740440294,92229700
2021-08-18,143.2826690673828,147.55099731267805,143.07707790614015,146.65034281258323,86326000
2021-08-19,143.61550903320312,144.888178453154,141.46176882757268,141.9806239472667,86960300
2021-08-20,145.0741729736328,145.37765255184942,143.6938159198485,144.33994240518913,60549600
2021-08-23,146.562255859375,147.03215936265545,144.7805153800769,145.1916828126927,60131800
2021-08-24,146.47409057617188,147.68802375922274,146.0139715839325,146.3076667825046,48606400
2021-08-25,145.24061584472656,147.15941188820682,144.6923926717211,146.66012547582167,58991300
2021-08-26,144.4377899169922,145.98457033536835,144.40842189761426,145.23077125406132,48597200
2021-08-27,145.4755401611328,145.62238028371488,143.74275202487664,144.379079140009,55802400
2021-08-30,149.90057373046875,150.26280446070527,145.48540402269435,145.86720348799665,90956700
2021-08-31,148.6376495361328,149.587255672955,148.10899512080897,149.45019988712295,86453100
2021-09-01,149.30332946777344,151.72139660647437,149.13690566906416,149.61660833919711,80313700
2021-09-02,150.4193572998047,151.46686670695442,149.1956397332981,150.63473278654652,71115500
2021-09-03,151.05572509765625,151.3787883827347,149.87115971903515,150.5270706537238,57808700
2021-09-07,153.3954620361328,153.9534695341939,151.14381850232894,151.71162530218976,82278300
2021-09-08,151.84869384765625,153.7381069467454,150.74244818444078,153.67937088285103,74420200
2021-09-09,150.83053588867188,152.8276363360627,150.71304884732544,152.22067721794593,57305700
2021-09-10,145.8377685546875,152.21088437935384,145.573441372884,151.74098100789337,140893200
2021-09-13,146.4055938720703,148.23627083685082,145.62241152835927,147.46288779538614,102404300
2021-09-14,145.00564575195312,147.8936314335505,143.8210954003336,147.1887688532645,109296300
2021-09-15,145.89651489257812,146.2978978750979,143.29244009500678,145.43639585173057,83281300
2021-09-16,145.6615447998047,145.837767899535,144.12456328294863,145.31891283926268,68034100
2021-09-17,142.9889678955078,145.69094622198233,142.69527265072225,145.69094622198233,129868800
2021-09-20,139.93453979492188,141.79458433792297,138.29965507938874,140.77645799540764,123478900
2021-09-21,140.4142303466797,141.55964304513788,139.77790323683175,140.90371733516503,75834000
2021-09-22,142.78338623046875,143.35117809396385,140.67858283814957,141.41281345310648,76404300
2021-09-23,143.74278259277344,143.987526141095,142.5778009126891,143.56655947024234,64838200
2021-09-24,143.83087158203125,144.36931031939181,142.4994662214484,142.59736960568088,53477900
2021-09-27,142.31346130371094,142.8910673802959,140.7960633866369,142.41136468969736,74150700
2021-09-28,138.9262237548828,141.7065067266194,138.71084824910437,140.23804551701713,108972300
2021-09-29,139.82688903808594,141.41282248756633,139.04370667783795,139.4744577228724,74602000
2021-09-30,138.5248565673828,141.34430719144615,138.30948103704677,140.63944453543033,89056700
2021-10-01,139.65069580078125,139.91502307825533,136.18513290775175,138.91646498176985,94639600
2021-10-04,136.21446228027344,139.219920083201,135.36275955212915,138.77936976647533,98322000
2021-10-05,138.1430206298828,139.24926602115937,136.42981614361935,136.55708754274536,80861100
2021-10-06,139.0143280029297,139.16116814887556,135.46064709144002,136.53752462157624,83221100
2021-10-07,140.27720642089844,141.18766019383065,139.7191988951329,140.05204653772714,61732700
2021-10-08,139.8953857421875,141.14847133090333,139.56253815036328,141.00163119861574,58773200
2021-10-11,139.80728149414062,141.76522959139172,138.8283074455151,139.27864208058458,64452200
2021-10-12,138.53463745117188,140.2380579834007,138.0745183695577,140.21847431623635,73035900
2021-10-13,137.947265625,138.42695344884726,136.27321307906425,138.2703289211617,78762700
2021-10-14,140.73731994628906,140.85480700337075,138.53462808500012,139.12201855652793,69907100
2021-10-15,141.79458618164062,141.85332222974756,140.49254900942697,140.7470918018334,67940300
2021-10-18,143.46865844726562,143.75255436574946,140.14993682023066,140.4338327387145,85589200
2021-10-19,145.63218688964844,146.03356986995644,143.4686624173773,143.91898215404882,76378900
2021-10-20,146.12167358398438,146.60137628639336,145.00564367087514,145.57345046006543,58418800
2021-10-21,146.33705139160156,146.4936908403183,144.76090241654427,145.68114050530517,61421000
2021-10-22,145.56365966796875,147.02232150012944,145.51470797593214,146.5426337568644,58883400
2021-10-25,145.5147247314453,146.2293717159997,144.51616686316274,145.55387712680738,50720600
2021-10-26,146.18040466308594,147.66843438585144,145.87691017558996,146.1901890254086,60893400
2021-10-27,145.7203369140625,146.5818241779891,145.3679055531043,146.2196084512687,56094900
2021-10-28,149.36207580566406,149.94945126434328,146.5719938285733,146.66989720733233,100077900
2021-10-29,146.65032958984375,146.78738537232746,143.33160784302547,144.12457450867834,124953200
2021-11-01,145.8280029296875,146.55243427503285,144.692389276276,145.85737096055496,74588300
2021-11-02,146.8656768798828,148.38308949739522,145.5244724040128,145.53427170385322,69122000
2021-11-03,148.30479431152344,148.77469770489486,146.66990932924497,147.2279168080061,54511500
2021-11-04,147.78594970703125,149.22502801768104,147.47267079725674,148.39290892226862,60394600
2021-11-05,148.31536865234375,149.21733764155343,147.11927576323106,148.91341509690008,65463900
2021-11-08,147.4918212890625,148.5996814029073,147.2173096615232,148.44281334152436,55020900
2021-11-09,147.85455322265625,148.46239820996468,147.11925107616622,147.25650687845393,56787900
2021-11-10,145.02122497558594,147.1879224121505,144.95260453755975,147.08007747259725,65187100
2021-11-11,144.97218322753906,146.50160947604698,144.7859042685968,146.0408338404559,41000000
2021-11-12,147.05062866210938,147.45258246065882,144.5898079376244,145.5211876519379,63804000
2021-11-15,147.06040954589844,148.9035714659964,146.50157280893995,147.42315376898895,59222800
2021-11-16,148.04086303710938,148.52126592519502,146.41339035642437,147.00163818021238,59256200
2021-11-17,150.4820556640625,151.9624587476381,148.03104826490704,148.04084690898938,88807000
2021-11-18,154.7761993408203,155.56052464418286,150.0506651936485,150.69773469090467,137827700
2021-11-19,157.40370178222656,157.86449238063588,153.4624776050976,154.56052415802415,117305600
2021-11-22,157.86447143554688,162.45274960273852,157.84485918977177,158.5115259485219,117467900
2021-11-23,158.246826171875,158.6291826815126,155.94287351139204,157.96250097049108,96041900
2021-11-24,158.76646423339844,158.96254184147043,156.5115343411642,157.59978226969068,69463600
2021-11-26,153.73696899414062,157.30563478087385,153.29579070221752,156.44289044282164,76959800
2021-11-29,157.0997772216797,158.03115705077292,155.67818094806347,156.24681646555752,88748200
2021-11-30,162.0606231689453,162.27631303141865,156.78605010261836,156.85468549511577,174048100
2021-12-01,161.5409698486328,166.9625960118038,161.30566779650317,164.1978529983773,152052500
2021-12-02,160.55076599121094,160.98214564054786,154.70757335862984,155.62915443498412,136739200
2021-12-03,158.66839599609375,161.72726310588908,156.5899467105327,160.80568201972204,118023100
2021-12-06,162.0802001953125,164.59002900255814,161.06057289251913,161.07037153513377,107497000
2021-12-07,167.8253631591797,168.21753329951792,165.0410224817036,165.76652602150847,120405400
2021-12-08,171.64892578125,172.51168504122978,167.35475668604474,168.7567404835119,116998900
2021-12-09,171.13912963867188,173.28621440591945,170.5116723744327,171.48227664120193,108923700
2021-12-10,175.93331909179688,176.10979941461878,171.26660609827198,171.77641985782503,115402700
2021-12-13,172.29603576660156,178.56081059859196,172.09014454574864,177.57059395318785,153237000
2021-12-14,170.91363525390625,174.25681265308427,168.83518594286804,171.81560410510698,139380400
2021-12-15,175.7862548828125,175.9823324841572,168.93323276156414,171.6783640596761,131063300
2021-12-16,168.8842010498047,177.59018373746022,167.40379803106163,175.76663371395836,150185800
2021-12-17,167.78616333007812,170.07050404048465,166.36458201855805,166.59986915660923,195432700
2021-12-20,166.4233856201172,167.2371217897491,164.178269651189,164.98219221796626,107499100
2021-12-21,169.5998992919922,169.80577551895627,165.8057299805719,168.19791539703556,91185900
2021-12-22,172.1979522705078,172.41364208964774,168.7763410121153,169.64889893145047,92135300
2021-12-23,172.82542419433594,173.38426103506748,171.83522263836468,172.4038581227058,68356600
2021-12-27,176.7960662841797,176.8842989595941,173.5999580433746,173.61955533140323,74919600
2021-12-28,175.7764434814453,177.77647393560375,175.03134260309423,176.62940424561387,79144300
2021-12-29,175.86468505859375,177.0901887398254,174.6489800212977,175.8156619193921,62348900
2021-12-30,174.70777893066406,177.0313437787025,174.5999340224449,175.95289469651084,59773000
2021-12-31,174.09014892578125,175.71760635907094,173.7862114626908,174.59994765921613,64062300
2022-01-03,178.44314575195312,179.2961065398854,174.22742479359925,174.34506836720536,104487900
2022-01-04,176.1783905029297,179.35490114678188,175.60975505040156,179.05097865451486,99310400
2022-01-05,171.49209594726562,176.6392118468071,171.21758429607112,176.09018854441808,94537600
2022-01-06,168.62928771972656,171.86462006909193,168.27634210052742,169.3155667126804,96904000
2022-01-07,168.7959442138672,170.727338880113,167.67828564718639,169.50183540964022,86709100
2022-01-10,168.81556701660156,169.119489502726,164.87434342032694,165.7665135929736,106765600
2022-01-11,171.64892578125,171.74695708640064,167.47241519588906,168.9430194109857,76138300
2022-01-12,172.09011840820312,173.70777719583765,171.39404073246158,172.66855252404713,74805200
2022-01-13,168.81556701660156,173.15874440691425,168.42339690566672,172.33520961359125,84505800
2022-01-14,169.67832946777344,170.37440711806423,167.7371210418755,167.9822217558743,80440800
2022-01-18,166.47244262695312,169.1587374378629,166.0900860318357,168.1489234825589,90956700
2022-01-19,162.9723663330078,167.72732627847407,162.68805608048748,166.6684893743364,94815000
2022-01-20,161.2860870361328,166.35476859042288,160.9625522612085,163.7076835662155,91420500
2022-01-21,159.2272491455078,163.070426973366,159.1194042209609,161.19785371976124,122848900
2022-01-24,158.4527130126953,159.11939476840692,151.66832669269064,156.88407733764427,162294600
2022-01-25,156.64877319335938,159.5703696285005,153.942866591661,155.86444788627315,115798400
2022-01-26,156.56053161621094,161.16842196351905,154.72718309601152,160.29586403596446,108275300
2022-01-27,156.09976196289062,160.6292188937634,155.17818077822113,159.26645936487785,121954600
2022-01-28,166.9920196533203,167.01163189910224,159.6095873711376,162.4625632621154,179935700
2022-01-31,171.3548126220703,171.57050245050323,166.18808530239932,166.8253561445004,115541600
2022-02-01,171.1881561279297,171.41364461299403,168.93322639800166,170.5999083862923,86213900
2022-02-02,172.39402770996094,172.4332522000971,169.93322202538937,171.3253922300273,84914300
2022-02-03,169.51165771484375,172.78621481447524,168.74694463929947,171.0606961129302,89418100
2022-02-04,169.22698974609375,170.90562127726093,167.54835821492657,168.53001022690665,82465400
2022-02-07,168.51039123535156,170.75836779564654,167.81341170266444,169.68837067678015,77251200
2022-02-08,171.62222290039062,172.1326861402394,168.28459707531294,168.57909567441112,74829200
2022-02-09,173.0456085205078,173.40881495712398,171.6909240051843,172.81983276089403,71285000
2022-02-10,168.96192932128906,172.26028048182204,168.40239549718422,170.94487045999796,90865900
2022-02-11,165.54580688476562,169.9043445353418,164.95680964270105,169.1681054721721,98670700
2022-02-14,165.78140258789062,166.46855602542965,163.50396264767951,164.2990984096048,86185500
2022-02-15,169.6196746826172,169.7767426273452,167.1262847200605,167.8330754925129,62527400
2022-02-16,169.38404846191406,170.1595469185717,166.92991856527323,168.69689508661867,61177400
2022-02-17,165.78140258789062,168.75580709374077,165.37892165346722,167.89194849865083,69589300
2022-02-18,164.2303924560547,167.4109355405672,163.1407580714809,166.70415983864797,82772700
2022-02-22,161.3050994873047,163.6316104483714,159.1749009950491,161.95297856661847,91162800
2022-02-23,157.133056640625,163.10148814384206,156.8189207831809,162.50267977205857,90009200
2022-02-24,159.7540740966797,159.86205643085455,149.21112475761413,149.78048479427957,141147500
2022-02-25,161.82534790039062,162.09038317154068,157.91836192123637,160.83386973446065,91974200
2022-02-28,162.0903778076172,162.38487641130448,159.44973145996255,160.06817702982372,95056600
2022-03-01,160.20559692382812,163.54322257611173,158.99816920673908,161.67807486426554,83474400
2022-03-02,163.5039520263672,164.2892766091773,159.96018776566925,161.37376901896334,79724800
2022-03-03,163.1800079345703,165.81084308627598,162.51249176371445,165.3789138092183,76678400
2022-03-04,160.17613220214844,162.5124684222201,159.1257725009118,161.47191984720897,83737200
2022-03-07,156.37716674804688,161.99221739182056,156.121927641353,160.3626714753167,96418800
2022-03-08,154.55128479003906,159.89147377341504,152.94137619759366,155.90596926887457,131148300
2022-03-09,159.96022033691406,160.41178693209494,156.4851781973253,158.5171904285803,91454900
2022-03-10,155.61151123046875,157.44719605469442,153.1181062496422,157.26067973973213,105342000
2022-03-11,151.8909912109375,156.357510261072,151.66521547258807,156.0139261115159,96970100
2022-03-14,147.85641479492188,151.29219668682538,147.34596655573256,148.671187726746,108732100
2022-03-15,152.24440002441406,152.71560375350202,147.62082764624324,148.13127588452474,92964300
2022-03-16,156.66183471679688,157.06431562049127,151.62597028281274,154.16844529700253,102300200
2022-03-17,157.67294311523438,158.04597567713608,154.73781315339022,155.6998279417029,75615400
2022-03-18,160.9712677001953,161.46209362986437,156.82869565548296,157.56493454998656,123511700
2022-03-21,162.3456268310547,163.29783055310392,160.01910120084528,160.50992724401203,95811400
2022-03-22,165.72251892089844,166.31150120856418,161.88425551749586,162.4732378051616,81532000
2022-03-23,167.08700561523438,169.4724129582103,164.57396373096856,164.90773681905242,98062700
2022-03-24,170.87615966796875,170.94486751449384,167.08698259633016,167.92137775453384,90131400
2022-03-25,171.51425170898438,172.06397447426608,169.5803959233043,170.68966756106184,80546200
2022-03-28,172.3781280517578,172.50573264900424,168.8441742275586,169.01105329997583,90371900
2022-03-29,175.6764373779297,175.7255079917634,173.10449911531725,173.44808328507239,100589400
2022-03-30,174.50828552246094,176.31452166228107,173.45791066079582,175.27397290735905,92633200
2022-03-31,171.40628051757812,174.763529034082,171.20012697779308,174.5770127311391,103049300
2022-04-01,171.11175537109375,171.67130419323556,168.78524495629924,170.83689401317795,78751300
2022-04-04,175.16600036621094,175.21508596620356,171.23939202795495,171.36701159217134,76468400
2022-04-05,171.8479766845703,175.02853418606793,171.21972007698278,174.24320968187874,73401800
2022-04-06,168.67724609375,170.44422249190762,167.00844087614192,169.1975203972604,89058800
2022-04-07,168.9815673828125,170.1791839693951,166.73359099058004,168.01955265843017,77594700
2022-04-08,166.96917724609375,168.6281714448174,166.09550760626425,168.6281714448174,76575500
2022-04-11,162.70880126953125,165.92861828036033,162.46338829627405,165.61449746357707,72246700
2022-04-12,164.5837860107422,166.75322864931675,163.58249672741925,164.93718134727843,79265200
2022-04-13,167.2735137939453,167.90177054609936,163.71012681510052,164.31874633095592,70618900
2022-04-14,162.25726318359375,168.12755331525187,162.01185016741871,167.48947048590375,75329400
2022-04-18,162.0413055419922,163.54323192882495,160.56882751734665,160.91239673580466,69023900
2022-04-19,164.3285369873047,164.7408440040976,160.90258113171808,161.99221543879506,67723800
2022-04-20,164.16163635253906,165.7813709088185,163.0523799363438,165.66356250002266,67929800
2022-04-21,163.36654663085938,168.38278964359662,162.8659094340129,165.81086584120527,87227800
2022-04-22,158.82144165039062,164.789886524094,158.53676921276283,163.405768839327,84882400
2022-04-25,159.8914794921875,160.17615197605645,155.55257953271186,158.16376241881838,96046400
2022-04-26,153.92306518554688,159.36141168498818,153.84453121350143,159.27306658349588,95623200
2022-04-27,153.69728088378906,156.85818695569935,152.52911245475866,153.04938688433683,88063200
2022-04-28,160.63751220703125,161.5013706501521,156.0139252856425,156.3280610754388,130216800
2022-04-29,154.75741577148438,163.1505424974972,154.36476100370217,158.87053962186658,131747600
2022-05-02,155.0617218017578,155.3267569976815,150.45777255569175,153.83465707642324,123055300
2022-05-03,156.5538787841797,157.76132169874938,153.45186941180674,155.24827964309745,88966500
2022-05-04,162.9738311767578,163.4253826031728,156.3378556199318,156.74033644086228,108256500
2022-05-05,153.8936004638672,161.06947475751667,152.10698649205247,160.84369897364428,130525300
2022-05-06,154.62106323242188,156.74455042350417,151.57346504147074,153.3725293282909,116124600
2022-05-09,149.48931884765625,153.19558860822082,148.92896288962842,152.31079472594658,131577900
2022-05-10,151.8979034423828,154.09021465537515,150.3446125608553,152.89083834180113,115366700
2022-05-11,144.02328491210938,152.82197406186495,143.3449475864527,150.9049435768518,142689800
2022-05-12,140.14996337890625,143.72842711273728,136.45353309367593,140.35641984468805,182602000
2022-05-13,144.62298583984375,145.59625448116793,140.69060910842344,142.14558429881745,113990900
2022-05-16,143.0795440673828,145.02608166695018,141.7425351609862,143.08938461134267,86643800
2022-05-17,146.71701049804688,147.2380493187645,144.20027628752518,146.343429833823,78336300
2022-05-18,138.4393310546875,144.86876045778243,137.53487119903903,144.3673878211131,109742900
2022-05-19,135.0279998779297,139.26513365262397,134.29067919785544,137.51522710531395,136095600
2022-05-20,135.26394653320312,138.32137052821327,130.36814092411527,136.73858804203445,137426100
2022-05-23,140.6906280517578,140.83808619870993,135.32292649026942,135.46055909436765,117726300
2022-05-24,137.9871368408203,139.56991949662205,135.00836187381935,138.4295263407137,104132700
2022-05-25,138.1444091796875,139.39292808535322,136.00125589921703,136.08973078213927,92482700
2022-05-26,141.3492889404297,141.89981931591748,134.82154377239428,135.067317332939,90601500
2022-05-27,147.11024475097656,147.1495619264336,142.80428649817537,142.93209356986327,90978500
2022-05-31,146.3237762451172,148.11301536783856,144.3575873194881,146.5498987721629,103718400
2022-06-01,146.19595336914062,149.17472776391935,145.18335248498283,147.36582293275725,74286600
2022-06-02,148.65370178222656,148.712685042506,144.37723540201858,145.33083811208033,72348100
2022-06-03,142.92225646972656,145.46846714813478,142.01781149904664,144.4165490295479,88570300
2022-06-06,143.66940307617188,146.05833007006927,142.45036072118282,144.54435641942476,71598400
2022-06-07,146.19595336914062,146.48104410293644,141.66388825021798,141.9096618141491,67808200
2022-06-08,145.45863342285156,147.33633206027957,144.9670862924701,146.06814706425965,53950200
2022-06-09,140.2285919189453,145.44882105467732,140.12045092928022,144.59353368240036,69473000
2022-06-10,134.8117218017578,138.38034379484614,134.7428980025847,137.9084627463307,91437900
2022-06-13,129.6504669189453,132.9143318379119,129.21790307407372,130.62372056907952,122207100
2022-06-14,130.51559448242188,131.62649584691928,129.25723497256138,130.87934957569854,84784300
2022-06-15,133.14048767089844,135.01820186110174,129.9257792938477,132.01976048422804,91533000
2022-06-16,127.86124420166016,130.1518557555823,126.85848380018383,129.84709891808183,108123900
2022-06-17,129.3358917236328,130.8301993524765,127.61547659200777,127.87109072638007,134520300
2022-06-21,133.57301330566406,134.74289788395257,131.06613492456364,131.16443535080262,81000500
2022-06-22,133.0618133544922,135.4310591073431,131.64615522779903,132.5112679712454,73409200
2022-06-23,135.93246459960938,136.24704700188127,133.33709602733944,134.5069807437755,72433800
2022-06-24,139.26515197753906,139.51092556990343,137.4071042192977,137.53489628676303,89116800
2022-06-27,139.26515197753906,141.06421647374572,138.5868144624807,140.28756352140977,70207900
2022-06-28,135.11648559570312,140.99538542275212,134.99851907769516,139.72720035167993,67083400
2022-06-29,136.87619018554688,138.29184811908073,134.35947163740929,135.13612439300184,66242400
2022-06-30,134.40866088867188,136.0307605677301,131.50853555295868,134.9296996947126,98964500
2022-07-01,136.58126831054688,136.68940927123788,133.3665611170388,133.74012670784026,71051600
2022-07-05,139.16683959960938,139.2159973193288,134.61510776869383,135.44091845782265,73353800
2022-07-06,140.50384521484375,141.68355545577728,138.69495517869038,138.96039485817002,74064300
2022-07-07,143.87586975097656,144.07248562850194,140.857762778016,140.8675883216018,66253700
2022-07-08,144.55421447753906,145.05560229318138,142.54870821746638,142.8043073974188,64547800
2022-07-11,142.4208984375,144.16097993966463,141.3493290099564,143.2073770543587,63141600
2022-07-12,143.39413452148438,145.94034514627222,142.597830542374,143.2958190916168,77588800
2022-07-13,143.0303955078125,143.97415763799123,139.7173575069719,140.57265975093034,71185600
2022-07-14,145.96002197265625,146.43190306892052,140.82826817318988,141.64423829848138,78140700
2022-07-15,147.63125610351562,148.30959351033036,145.6945593046606,147.24784996064128,76259900
2022-07-18,144.5836944580078,149.00761906982018,144.219939344917,148.1916489524308,81420900
2022-07-19,148.447265625,148.67337315386493,144.4264128251581,145.41933284394,82982400
2022-07-20,150.45274353027344,151.1212554478555,147.8278835762641,148.56520429371037,64823400
2022-07-21,152.72373962402344,152.9400216184074,149.3713837119037,151.88810328200972,65086600
2022-07-22,151.48501586914062,153.637995053217,150.81651886265266,152.76304161776633,66675400
2022-07-25,150.36427307128906,152.4189365975324,149.70560167774437,151.40635064916066,53623900
2022-07-26,149.03712463378906,150.5019257638896,148.25064607355188,149.6859555702162,55138700
2022-07-27,154.13937377929688,154.67025318814936,149.58765663017232,150.00055450326258,78620700
2022-07-28,154.6898956298828,154.97498637932796,151.7995959592648,154.3261405347344,81378700
2022-07-29,159.7626495361328,160.86372535437394,156.8035410889223,158.51413057382698,101786900
2022-08-01,158.77957153320312,160.82440969031893,158.17005780397355,158.28802433199732,67829400
2022-08-02,157.30490112304688,159.66433625726012,156.93133551910432,157.39339100369006,59907000
2022-08-03,163.32147216796875,163.77368717681702,158.0324196674791,158.1208945604064,82507500
2022-08-04,163.00685119628906,164.36352602829535,161.65017636428277,163.2034670413035,55474100
2022-08-05,162.78045654296875,163.27268651132164,160.46696968304354,160.673712879285,56697000
2022-08-08,162.30789184570312,165.20220622926755,161.64830554399492,163.7845816314674,60276900
2022-08-09,162.3571014404297,163.24312423537512,160.71305544763848,161.47109366714804,63135500
2022-08-10,166.61001586914062,166.7084528561764,164.30636805182522,165.07424565037454,70170500
2022-08-11,165.8716583251953,168.3328081399825,165.5763173430876,167.41725259761515,57149200
2022-08-12,169.42555236816406,169.4944567489093,166.76749865896252,167.18098503009688,68039400
2022-08-15,170.49859619140625,170.6954851482581,168.68719375370597,168.85455011811328,54091700
2022-08-16,170.34107971191406,171.01052019393777,168.99237457923107,170.09496475942944,56377100
2022-08-17,171.8374786376953,173.4126054655057,169.88825224075944,170.0851412165275,79542000
2022-08-18,171.44369506835938,172.18204003423804,170.4297025169527,171.04991709522415,62290100
2022-08-19,168.8545379638672,171.0400397774375,168.6477948099723,170.34106675601168,70346300
2022-08-22,164.96595764160156,167.22036427123675,164.54263206053483,167.0530078857762,69026800
2022-08-23,164.6312255859375,166.0882370598649,164.06023703885776,164.4835626089626,54147100
2022-08-24,164.926513671875,165.4975020358466,163.66640660023467,164.71978557040498,53841500
2022-08-25,167.3876953125,167.49598648924476,165.7338100913049,166.15712058661168,51218200
2022-08-26,161.07733154296875,168.3918767523516,161.01826634968077,167.91934018438116,78961000
2022-08-29,158.8721160888672,160.36848406338322,157.33636131300617,158.64567953529183,73314000
2022-08-30,156.4405517578125,160.03382496855886,155.26904188281068,159.61051435311094,77906200
2022-08-31,154.7767791748047,158.084564879281,154.69802058402368,157.81875651310324,87991100
2022-09-01,155.50526428222656,155.95810734217315,152.26638338501562,154.20577023890877,74229900
2022-09-02,153.388671875,157.86796676025835,152.56172928679763,157.26744570942157,76957800
2022-09-06,152.12855529785156,154.64876971078968,151.301612760168,154.0384095074989,73714800
2022-09-07,153.53634643554688,154.23530443324142,151.22286005633052,152.41406294176315,87449600
2022-09-08,152.05967712402344,153.93014485598613,150.30732474708108,152.23687268905203,84923800
2022-09-09,154.92442321777344,155.36744211450377,152.34514352686796,153.05395573564041,68028800
2022-09-12,160.89027404785156,161.7073775664421,156.82446488060694,157.10995164172124,104956000
2022-09-13,151.44931030273438,158.0451887543499,150.98661293916587,157.41513500718563,122656600
2022-09-14,152.896484375,154.65867623529226,151.2229053335967,152.38456095494288,87965400
2022-09-15,150.00213623046875,152.82754609590185,149.02753063381346,152.24670339235885,90481100
2022-09-16,148.35809326171875,148.99800116372188,146.06430005699622,148.86017738849526,162278800
2022-09-19,152.07936096191406,152.15811955641868,146.78297692105565,146.98970508767258,81474200
2022-09-20,154.46177673339844,155.62344741041255,150.70114713182537,151.0161665383874,107689800
2022-09-21,151.33119201660156,156.2731854100913,151.21306162383578,154.8949324005984,101696800
2022-09-22,150.36639404296875,152.06950527712038,148.56483082094806,150.01198791697018,86652500
2022-09-23,148.09230041503906,149.1161471568303,146.2513651484526,148.84049957750184,96029900
2022-09-26,148.427001953125,151.38038122778957,147.31455761940225,147.33425102063256,93339400
2022-09-27,149.40162658691406,152.315634453065,147.619756600354,150.3664080888261,84442700
2022-09-28,147.51144409179688,148.29901488949315,142.58914538327457,145.34563566437978,146691400
2022-09-29,140.26583862304688,144.4399538960587,138.49380784574632,143.8295935811918,128138200
2022-09-30,136.05233764648438,140.87619954797051,135.85544869618502,139.0844755504192,124925300
2022-10-03,140.23629760742188,140.84667290730152,135.55027429699052,136.0621976067289,114311700
2022-10-04,143.82958984375,143.9477202186119,142.01817230643195,142.77621059568105,87830100
2022-10-05,144.1249237060547,145.0897052260287,140.7876052377075,141.83114535247526,79471000
2022-10-06,143.16998291015625,145.24719370943012,142.96325476225735,143.54408244476417,68402200
2022-10-07,137.91297912597656,140.8762129387206,137.28292541213156,140.32490279514894,85925600
2022-10-10,138.23785400390625,139.68501122355408,136.41661224606074,138.23785400390625,74899000
2022-10-11,136.82025146484375,139.15343196264072,136.0720672460081,137.72595289448736,77033700
2022-10-12,136.19017028808594,138.17878336551573,136.01297472776957,136.9679019716922,70433700
2022-10-13,140.76791381835938,141.35858069211028,132.2818600306571,132.8922353283637,113224000
2022-10-14,136.22955322265625,142.27413585110418,136.04250345541635,142.0673926816115,88598000
2022-10-17,140.19691467285156,140.6792903298468,138.090171437718,138.8777422312096,85250900
2022-10-18,141.51608276367188,144.42023589257636,138.4248798871267,143.22904806022734,99136600
2022-10-19,141.6243896484375,142.69744724205523,139.3010638831592,139.488113651557,61758300
2022-10-20,141.16168212890625,143.62283148956203,140.43317651035323,140.79743683046152,64522000
2022-10-21,144.98141479492188,145.5524033439164,140.43319980718348,140.6497821885837,86548600
2022-10-24,147.1275177001953,147.89539516122247,143.73113431154985,144.90264390563777,75981900
2022-10-25,149.97264099121094,150.12031901228244,147.0389542369439,147.75760587015327,74732300
2022-10-26,147.02906799316406,149.62804110263616,145.73941311718505,148.61404877344168,88194300
2022-10-27,142.5498046875,146.73375950209572,141.89021831932845,145.76899295091448,109180200
2022-10-28,153.31976318359375,155.05240689410368,145.52284395380414,145.89692843507157,164762400
2022-10-31,150.9570770263672,151.84309994681692,149.55914577499016,150.77988145527678,97943200
2022-11-01,148.3088836669922,153.03429437423398,146.8125153766711,152.6700490040681,80379300
2022-11-02,142.77622985839844,149.80527352264477,142.74669726069857,146.63531118174276,93604600
2022-11-03,136.7218017578125,140.58088293366475,136.59381715822644,139.85237716768756,97918500
2022-11-04,136.45553588867188,140.68586767189302,132.51116441667403,140.11393200286335,140814800
2022-11-07,136.98802185058594,137.21481900121177,133.7832199726521,135.2031961352515,83374600
2022-11-08,137.55996704101562,139.46311921929427,135.57792562085092,138.457315240062,89908500
2022-11-09,132.99436950683594,136.62319988243638,132.71826464687123,136.57389221888846,74917800
2022-11-10,144.82745361328125,144.82745361328125,137.55995404597397,139.27576104009148,118854000
2022-11-11,147.61810302734375,147.9237894166263,142.3622261036816,143.79207283535823,93979700
2022-11-14,146.2178497314453,148.19003547375948,145.37966477232854,146.898256219997,73374100
2022-11-15,147.95338439941406,151.45401749484597,146.49397099909157,150.10307492440734,89868300
2022-11-16,146.72076416015625,147.7857463571914,145.24162472759372,147.05604720027458,64218300
2022-11-17,148.6239471435547,149.3733724520642,144.11749463891493,144.39359949187033,80389400
2022-11-18,149.18597412109375,150.57636858986908,147.88433944033332,150.19179299707827,74829600
2022-11-21,145.9516143798828,148.27879437989566,145.66565404043791,148.07172328326632,58724100
2022-11-22,148.0914306640625,148.32809838668408,144.8866286056601,146.06995217218372,51804100
2022-11-23,148.96908569335938,149.71851100166924,147.2631338671993,147.3716047055876,58301400
2022-11-25,146.05023193359375,146.80952774156987,145.0739944661959,146.24744752036312,35195900
2022-11-28,142.21434020996094,144.6006835742159,141.3860256630134,143.12154400613,69246000
2022-11-29,139.20672607421875,142.7961034526806,138.39813776001694,142.28333095673383,83763800
2022-11-30,145.97134399414062,146.65175056417294,138.59537264763534,139.43354266054223,111380900
2022-12-01,146.2474365234375,147.05603992895004,144.57108159207246,146.14883626075934,71250400
2022-12-02,145.75439453125,145.94175459663157,143.62443017730817,143.93013162674256,65447400
2022-12-05,144.59083557128906,148.82116833526126,143.74279490633833,145.71498109956457,68826400
2022-12-06,140.9225311279297,145.2514780860589,139.94629380127552,145.0246809463006,64727200
2022-12-07,138.97996520996094,141.37616424281495,138.05303527991336,140.21258159638873,69721100
2022-12-08,140.6661376953125,141.52404869832506,139.13770582962303,140.38017739203008,62128300
2022-12-09,140.18296813964844,143.54554848860332,138.94048147476286,140.36045763658447,76097000
2022-12-12,142.48057556152344,142.4904310742392,139.09826892356506,140.71546075742316,70462700
2022-12-13,143.44696044921875,147.8843792751259,142.2340701831816,147.4209143273598,93886200
2022-12-14,141.21836853027344,144.62038597056736,139.19687510886934,143.3286067000526,82291200
2022-12-15,134.60169982910156,139.8279959453362,134.13823489702543,139.14758934094417,98931900
2022-12-16,132.63934326171875,135.73567419543238,131.87019204577976,134.78903348962257,160156900
2022-12-19,130.52914428710938,133.3197896823252,129.49375852610828,133.2310449107972,79592600
2022-12-20,130.46009826660156,131.39688354522443,128.0836106828586,129.56275008486864,77432800
2022-12-21,133.56626892089844,134.90735575255198,130.90382132695478,131.13061846159687,85928000
2022-12-22,130.39105224609375,132.68865037286486,128.4879002839557,132.48157930219233,77852100
2022-12-23,130.02621459960938,130.57842423400893,127.83708708710822,129.09928483618836,63814900
2022-12-27,128.2216796875,129.58249292838534,126.92990018333715,129.55291134024313,69007800
2022-12-28,124.28716278076172,129.2077647504938,124.11952877613886,127.8666776669259,85438400
2022-12-29,127.80753326416016,128.66542948633423,125.9536808579319,126.21005965913899,75703700
2022-12-30,128.12306213378906,128.14278820773606,125.6578370442106,126.62421153870504,77034200
2023-01-03,123.33065795898438,129.07957474592163,122.4431727057536,128.46820186736826,112117500
2023-01-04,124.60270690917969,126.87072372434358,123.34050912530462,125.1253349737568,89113600
2023-01-05,123.2813491821289,125.99310505602139,123.02497040718632,125.36200610905166,80962700
2023-01-06,127.81736755371094,128.4780480462767,123.15315196037015,124.25757880895641,87754700
2023-01-09,128.33998107910156,131.55465346679887,128.08360234953716,128.65553802002677,70790800
2023-01-10,128.91192626953125,129.43455432577363,126.33822308555574,128.44846138243565,63896200
2023-01-11,131.63357543945312,131.65328646822576,128.64571450243,129.4247214433815,69458900
2023-01-12,131.55465698242188,132.3928269168101,129.61205277186403,132.0181218476768,71379600
2023-01-13,132.88589477539062,133.0436732754904,129.82901533053348,130.19386494625152,57809700
2023-01-17,134.04946899414062,135.38068535895238,132.26464328240974,132.9549052915621,63646600
2023-01-18,133.3296356201172,136.68234566241608,133.15213106325567,134.91724588612811,69672800
2023-01-19,133.38880920410156,134.3551761664197,131.90966964997585,132.21535608370812,58280400
2023-01-20,135.95263671875,136.10055969629155,132.3534032973474,133.3986594670003,80223600
2023-01-23,139.14759826660156,141.32687064316994,135.98223278773898,136.19917447397063,81760300
2023-01-24,140.54782104492188,141.16906439218428,138.34883807200805,138.35869358432294,66435100
2023-01-25,139.8871307373047,140.44919583129123,136.87954456914778,138.93061947978296,65799300
2023-01-26,141.95794677734375,142.24390711048304,139.9265826744515,141.17892492583348,54105100
2023-01-27,143.9005584716797,145.182482507532,141.09020217222798,141.16909142560513,70555800
2023-01-30,141.0113067626953,143.52584706043817,140.863398823187,142.9440557695909,64015300
2023-01-31,142.28334045410156,142.3326481092963,140.301299106578,140.71545632636276,65874500
2023-02-01,143.40748596191406,144.57108343034756,139.35465851027638,141.96779872652098,77663600
2023-02-02,148.72254943847656,149.07752846410273,146.10939403157928,146.82923768896234,118339000
2023-02-03,152.3513641357422,155.19131670929613,145.774125819744,145.97134140477755,154357300
2023-02-06,149.61990356445312,150.97086135861267,148.6831181180358,150.4482332133508,69858300
2023-02-07,152.499267578125,153.07120329051187,148.54504029445562,148.54504029445562,83322600
2023-02-08,149.8072509765625,152.4302620416696,149.06768120571854,151.73999993153234,64120100
2023-02-09,148.77182006835938,152.1837078719676,148.3280813053058,151.64135380753217,56007100
2023-02-10,149.13726806640625,149.46317743221437,147.3694730974516,147.60650220064647,57450700
2023-02-13,151.9420623779297,152.34696638235076,149.04839042017383,149.0780171748983,62199000
2023-02-14,151.30010986328125,151.86304832604316,148.98913264360064,150.23350151506878,61707600
2023-02-15,153.40367126464844,153.5715611952289,150.98405804107867,151.21120146838675,65573800
2023-02-16,151.80380249023438,154.39130625656546,151.44826635619526,151.60627069499915,68167900
2023-02-17,150.6581573486328,151.10257366904202,148.97924287733272,150.46064065840176,59144100
2023-02-21,146.6386260986328,149.4236611977066,146.56950203742764,148.33729678255915,58867200
2023-02-22,147.06332397460938,148.09041997762213,145.33502627380787,147.02381158820887,51011300
2023-02-23,147.54722595214844,148.47557105445037,145.41402441253163,148.22867140254277,48394200
2023-02-24,144.89059448242188,145.3646375819345,143.91286646196608,145.2856278870893,55469600
2023-02-27,146.08560180664062,147.32010021469048,145.62142919964901,145.87821451304222,44998500
2023-02-28,145.58189392089844,147.23118155565606,145.00908500057525,145.22635786930326,50547000
2023-03-01,143.50791931152344,145.4041064076396,143.21163678129003,145.00907308036537,55479000
2023-03-02,144.10052490234375,144.89060684866965,142.11544194013547,142.58950014966683,52238100
2023-03-03,149.15699768066406,149.23600736765022,145.50288630750634,146.20407279147852,70732300
2023-03-06,151.92230224609375,154.3616721188966,151.55689556759242,151.8827898611123,87558000
2023-03-07,149.719970703125,152.11982833887177,149.25579810311828,151.79391895570362,56182000
2023-03-08,150.9741973876953,151.5667625921133,149.94710144553787,150.91494388116536,47204800
2023-03-09,148.72247314453125,152.62348469471294,148.36693703717327,151.65564226284476,53833600
2023-03-10,146.65838623046875,149.06812912915592,145.77942411442874,148.3471863994858,68572400
2023-03-13,148.60397338867188,151.24086003469367,145.86832084762136,145.97695730432906,84457100
2023-03-14,150.69764709472656,151.49759944522177,148.23853654610156,149.4038955086608,73695900
2023-03-15,151.09271240234375,151.34948260848185,148.06077752387876,149.31503194180715,77167900
2023-03-16,153.917236328125,154.5196720318581,149.7594399024329,150.27299535550645,76161100
2023-03-17,153.07778930664062,154.79621636647911,152.36671707978053,154.1443976469308,98944600
2023-03-20,155.44802856445312,155.86283327756414,152.23833280571804,153.14693686632677,73641400
2023-03-21,157.30470275878906,157.42320976774403,154.59867718770118,155.36901795458434,73938300
2023-03-22,155.87266540527344,160.1292123200188,155.85290921676807,157.32443633451206,75701800
2023-03-23,156.9590301513672,159.54654859691777,155.72453196517867,156.86027933820688,67622100
2023-03-24,158.26266479492188,158.35154504613158,155.8924343453171,156.88990343786057,59196500
2023-03-27,156.3170928955078,158.77621864094067,155.9121738846932,157.95651005912973,52390300
2023-03-28,155.69488525390625,156.5244793815335,154.045597696947,156.0109239824416,45992200
2023-03-29,158.77626037597656,159.05278682932698,157.3738719141104,157.39361303966294,51305700
2023-03-30,160.3465118408203,160.45514829132492,159.27003296644855,159.5268031814781,49501700
2023-03-31,162.85501098632812,162.95377687892702,159.90210067407045,160.42552675181378,68749800
2023-04-03,164.1092529296875,164.22775993608965,162.18343872786127,162.23282167038158,56976200
2023-04-04,163.57594299316406,164.7709287291007,163.0623875580335,164.53391473562277,46278300
2023-04-05,161.72914123535156,163.00315186770885,159.79345641920935,162.69699871298138,51511700
2023-04-06,162.6179656982422,162.9142482495303,159.99095018347427,160.41561028699388,45390100
2023-04-10,160.0205841064453,160.0205841064453,158.09477004106023,159.41814841731897,47716900
2023-04-11,158.80584716796875,160.34649846878187,158.51943515436048,160.33662790848967,47644200
2023-04-12,158.1145477294922,160.05023261805474,157.7985089324277,159.22065338009935,50133100
2023-04-13,163.50682067871094,163.74384976611952,159.4181631056541,159.62556544083142,68445600
2023-04-14,163.16114807128906,164.25738296375815,161.78838681581487,162.54882677930067,49386500
2023-04-17,163.180908203125,163.33892759169828,161.99579292794192,163.04264500551295,41516200
2023-04-18,164.40553283691406,165.33387789076258,163.5956947875371,164.04012619342146,49923000
2023-04-19,165.55116271972656,166.07458878664085,163.48707013576512,163.74385542338587,47720200
2023-04-20,164.58331298828125,165.78818457608216,163.50683405035483,164.03026014199096,52456400
2023-04-21,162.9735107421875,164.38576938158798,162.45008473615934,163.00313749199609,58337300
2023-04-24,163.2796630859375,163.5463189024918,161.85751882372426,162.95375377005053,41949600
2023-04-25,161.73904418945312,164.24753827035505,161.69953180228663,163.14143254265787,48714100
2023-04-26,161.72914123535156,163.23029532612622,160.78105501874768,161.0378252295865,45498800
2023-04-27,166.3214874267578,166.46962119212645,163.14141866066578,163.14141866066578,64902300
2023-04-28,167.5757293701172,167.74363439949644,165.79806388046575,166.40049965137717,55275900
2023-05-01,167.48684692382812,168.33618234272492,166.54863124552048,167.180693761707,52472900
2023-05-02,166.44985961914062,168.2374257243008,165.46226102978648,167.98064044655123,48425700
2023-05-03,165.37338256835938,168.80035091617836,165.08698560494395,167.39796271242133,65136000
2023-05-04,163.7339630126953,164.96846124572582,162.27232132426357,162.84513031273676,81235400
2023-05-05,171.41746520996094,172.13840783799864,168.64230098781798,168.8595738460577,113453200
2023-05-08,171.3483428955078,171.6940084046762,169.97558155808977,170.34098818753938,55962800
2023-05-09,169.63980102539062,171.38783954566773,169.47191108630196,170.90392591816433,45326900
2023-05-10,171.4075927734375,171.87176527271458,169.76817565129102,170.87429621552187,53724500
2023-05-11,171.59524536132812,172.42482451357537,170.03483786854437,171.6940112425966,49514700
2023-05-12,170.6656494140625,172.13919719280526,169.1129675562631,171.70405030041803,45533100
2023-05-15,170.17112731933594,171.29854623618587,169.57774258819362,171.2490949935239,37266700
2023-05-16,170.17112731933594,171.229311478379,169.90410268128184,170.0920083491569,42110300
2023-05-17,170.78431701660156,171.0216588875202,168.5393629149387,169.8151358327416,57951600
2023-05-18,173.11825561523438,173.30616130301183,170.6755118549318,171.09087517456516,65496700
2023-05-19,173.22703552246094,174.44345770293714,173.00946211256743,174.44345770293714,55809500
2023-05-22,172.27761840820312,172.781999977239,171.5358950094103,172.0600450039918,43570900
2023-05-23,169.6667938232422,171.466716951182,169.38988489439063,171.21947575824993,50747300
2023-05-24,169.9436798095703,170.51728111058472,168.63825433413288,169.2019563309073,45143500
2023-05-25,171.0810089111328,171.98095531956056,169.79535178285977,170.50740757419857,56058300
2023-05-26,173.49403381347656,173.8302932098977,171.19964403606525,171.4073332194312,54835000
2023-05-30,175.34341430664062,177.01476677794446,174.6214744245607,175.00716998790764,55964400
2023-05-31,175.29397583007812,177.37080753192686,174.80937774220615,175.37309480914308,99625300
2023-06-01,178.10260009765625,178.13226782324443,174.97746888557137,175.73897571993373,68901800
2023-06-02,178.95315551757812,179.77399801140302,177.28180279681203,179.03227450268932,61996900
2023-06-05,177.5982666015625,182.90900173212887,176.07525265044882,180.61461168229852,121946500
2023-06-06,177.2323455810547,178.13229186267904,175.47197477965813,177.9839532147194,64848400
2023-06-07,175.85768127441406,179.21027045240393,175.36319900574063,176.47083445864072,61944600
2023-06-08,178.57733154296875,178.84434109966037,175.50165126625262,175.93678298136524,50214900
2023-06-09,178.96304321289062,180.21901740774703,178.63668307937917,179.4970774647442,48900000
2023-06-12,181.7617950439453,181.86069753893617,178.97292275194738,179.26961514651788,54274900
2023-06-13,181.287109375,182.11783606754224,180.42671494989577,180.7827428310429,54929100
2023-06-14,181.92002868652344,182.35517550952275,180.01133431975106,181.34642742806082,57462900
2023-06-15,183.95730590820312,184.46168752877136,181.75191900244837,181.9299404833556,65433200
2023-06-16,182.87933349609375,184.92649747799743,182.2365125370702,184.66935702206612,101256200
2023-06-20,182.9683380126953,184.0463209118931,182.37496829785866,182.37496829785866,49799100
2023-06-21,181.92994689941406,183.363942649416,180.57505504326872,182.85956101105992,49515700
2023-06-22,184.93637084960938,184.98582209518955,181.64311708726814,181.7123518491607,51245300
2023-06-23,184.6199188232422,185.49021256870566,182.968349622031,183.50239899871212,53117000
2023-06-26,183.22547912597656,185.97479955864205,183.18591209060443,184.76826151663462,48088700
2023-06-27,185.9846954345703,186.31105559004374,183.62107045135676,183.83864388833905,50730800
2023-06-28,187.1615447998047,187.80436573389431,185.5297592960992,185.8561043245189,51216800
2023-06-29,187.497802734375,187.97251662731944,186.85498175364998,186.99343619982474,46347300
2023-06-30,191.82948303222656,192.33384959396255,189.14938206989527,189.5153092683974,85213200
2023-07-03,190.33612060546875,191.7404484310712,189.6438333602496,191.64154594163958,31458200
2023-07-05,189.21861267089844,190.85039834497115,188.51644111338388,189.45596962493224,46920300
2023-07-06,189.6933135986328,189.90100282202306,187.11211517011608,187.74505196417672,45094300
2023-07-07,188.57574462890625,190.5437894270152,188.140612922507,189.29769958287028,46815000
2023-07-10,186.52862548828125,187.89340155065938,184.9759437256739,187.17144648236777,59922200
2023-07-11,186.0044403076172,187.21097817460068,184.5407771096242,187.07252375168784,46638100
2023-07-12,187.6758270263672,189.5845215693785,186.39016995526782,187.5868087386057,60750200
2023-07-13,188.4373321533203,189.08016827912527,187.68572439450045,188.39778020407888,41342300
2023-07-14,188.58566284179688,189.07024584013215,187.53736277551775,188.13073248396137,41616200
2023-07-17,191.8492431640625,192.17560328436687,189.69329254549467,189.7822957354681,50520200
2023-07-18,191.5921173095703,192.185502135392,190.296576033276,191.21632100425936,48288200
2023-07-19,192.94699096679688,196.04243976648678,190.5240157315845,190.9690618542327,80507300
2023-07-20,190.9987335205078,194.3018715848771,190.3756810082794,192.9370956401489,59581200
2023-07-21,189.82186889648438,192.8184304455329,189.11969738642375,191.95803606721273,71951700
2023-07-24,190.62294006347656,192.7591073714878,190.12845772868155,191.27566036710277,45377800
2023-07-25,191.4833221435547,192.29428036369316,190.79104993758423,191.19652904765346,37283200
2023-07-26,192.35360717773438,193.48102617402893,191.18663623876353,191.53276478098633,47471900
2023-07-27,191.0877227783203,195.02379728115702,190.4251183711132,193.85682640916855,47460200
2023-07-28,193.6689453125,194.4601200346163,191.99759267326004,192.5217427199515,48291400
2023-07-31,194.28208923339844,194.32165626732748,193.10521896564188,193.8963936498011,38824100
2023-08-01,193.4513702392578,194.55900578654655,193.12501010327395,194.074422779809,35175100
2023-08-02,190.45480346679688,193.026102358892,189.73286353794578,192.88764791924382,50389300
2023-08-03,189.06033325195312,190.24708758113138,188.58563453836183,189.45592808861255,61235200
2023-08-04,179.98167419433594,185.312192820491,179.91243942847825,183.47271804853088,115956800
2023-08-07,176.87632751464844,181.10909486166798,175.39288059142936,180.1201302461886,97576100
2023-08-08,177.8158416748047,178.2806562533865,175.6203390114105,177.7070549630004,67823000
2023-08-09,176.22361755371094,178.93337110075507,175.05663139218126,178.87403563482027,60378500
2023-08-10,176.0060272216797,178.7553475423464,175.64011515660735,177.49935830249015,54686900
2023-08-11,176.0654296875,176.88738049769475,174.8374673630278,175.60000259117115,52036700
2023-08-14,177.71923828125,177.94700304207137,175.59008429106805,176.2436858942371,43675600
2023-08-15,175.728759765625,177.73906787465035,175.3326457472995,177.14489684716207,43622600
2023-08-16,174.8572998046875,176.80817714322055,174.78797154296882,175.41186545531423,46964900
2023-08-17,172.3122100830078,175.78815784652573,171.79724982185638,175.42175166053434,66062900
2023-08-18,172.79747009277344,173.40155375891743,170.29201204567954,170.62871045348956,61172200
2023-08-21,174.13436889648438,174.42156439236868,172.05474771785234,173.37184868637627,46311900
2023-08-22,175.51084899902344,175.95648093682686,174.5403593172417,175.34249982744336,42038900
2023-08-23,179.36314392089844,179.78898080878903,176.60021337314086,176.78837280424742,52722800
2023-08-24,174.6691131591797,179.34333021614268,174.3026918957578,178.91749337237624,54945800
2023-08-25,176.87750244140625,177.41225784961358,174.1145717959043,175.6594375427037,51449600
2023-08-28,178.4421844482422,178.83829845949455,176.81809282485807,178.34314839003864,43820700
2023-08-29,182.3340606689453,183.10649358507428,177.75887876406125,177.95693577395411,53003900
2023-08-30,185.82980346679688,186.027875570887,182.9480417259573,183.14609871926743,60813900
2023-08-31,186.0476531982422,187.28552817850573,185.6614368088311,186.01794540757814,60794500
2023-09-01,187.6222686767578,188.07779827305947,186.45370666949987,187.65197647170007,45766500
2023-09-05,187.85992431640625,188.1372071331358,185.7902007519677,186.453699999912,45280000
2023-09-06,181.1357879638672,187.01817274976997,179.70975345688714,186.57252563325392,81755800
2023-09-07,175.83767700195312,176.4813811102254,171.8566665123906,173.48075801343515,112488800
2023-09-08,176.45167541503906,178.49170643953835,176.0654589567214,176.62003973987865,65551300
2023-09-11,177.62020874023438,178.5510931586707,175.61979850768685,178.32332838951461,58953100
2023-09-12,174.5898895263672,178.38274026371693,173.12424978673155,177.7489488808384,90370200
2023-09-13,172.52017211914062,175.58019553637163,172.2923922361182,174.79785006313273,84267900
2023-09-14,174.03533935546875,174.39184798430878,171.89628758242847,172.31221179761187,60895800
2023-09-15,173.31239318847656,174.78794559113751,172.1339489112559,174.76813536061914,109259500
2023-09-18,176.24371337890625,177.64004017321716,174.46117014263496,174.76816076178545,67257600
2023-09-19,177.33302307128906,177.88758863735939,175.41183870970377,175.79805509398693,51826900
2023-09-20,173.78778076171875,177.95693597912128,173.69864226300012,177.52120149038592,58436200
2023-09-21,172.2428741455078,174.5898954535224,172.17356100214752,172.856870429388,63149100
2023-09-22,173.09454345703125,175.36233909077248,172.36173107244514,172.97571228348323,56725400
2023-09-25,174.37203979492188,175.2534062611611,172.46075278406465,172.51027081019092,46172700
2023-09-26,170.2919921875,173.50055447022797,169.99489916963813,173.1242507509963,64588900
2023-09-27,168.77684020996094,171.3615240971404,167.41023633579258,170.94559986493434,66921800
2023-09-28,169.03431701660156,170.36131544966938,165.99408862675534,167.69740591218968,56294400
2023-09-29,169.54930114746094,171.39126009408957,168.68772971206937,170.35144187875733,51861100
2023-10-02,172.0646209716797,172.60928898108386,169.27196778388654,169.55916323919894,52164500
2023-10-03,170.72772216796875,171.9458021063211,169.1630613901914,170.58908076573104,49594600
2023-10-04,171.9755096435547,172.5201776911012,169.31160010164683,169.43043127173715,53020300
2023-10-05,173.21339416503906,173.74814957044222,171.00501406167223,172.1042477774046,48527900
2023-10-06,175.76837158203125,176.26352163595584,171.5001654241457,172.1141617663429,57266700
2023-10-09,177.25381469726562,177.3132302836497,174.09475506108697,175.09495269037185,42390800
2023-10-10,176.6596221923828,177.9767230488949,176.22388776036024,176.3724418317021,43698000
2023-10-11,178.0559539794922,178.10547200469523,175.87729686757618,176.4714678376734,47551100
2023-10-12,178.95713806152344,180.57131695227565,177.30332359387822,178.3233466007442,56743100
2023-10-13,177.1151885986328,180.16529977566205,176.41206884050376,179.6602521369707,51427100
2023-10-16,176.98643493652344,177.3429435766639,174.79786506856496,175.03554253225204,52517000
2023-10-17,175.431640625,176.6893258679855,173.10444466932296,174.93649062028842,57549400
2023-10-18,174.13436889648438,175.85749653944856,173.4114540423014,173.87689630601963,54764400
2023-10-19,173.758056640625,176.11496052795673,173.4906713911534,174.33241738277906,59302900
2023-10-20,171.20310974121094,173.71846569346525,170.965432244542,173.60953206300644,64244000
2023-10-23,171.32191467285156,172.32211231863303,168.2816861592976,169.25219112217718,55980100
2023-10-24,171.7576446533203,171.98540943587548,169.78694209599936,171.3714282347356,43816600
2023-10-25,169.4403533935547,171.38133313025827,168.99470625930118,170.2127862637829,57157000
2023-10-26,165.2711639404297,169.71761631425704,164.06299674951495,168.71740365821697,70625300
2023-10-27,166.58827209472656,167.32109955610002,165.21175565878588,165.29098147440297,58499100
2023-10-30,168.63819885253906,169.50966778359705,167.23197451155576,167.3805285943209,51131000
2023-10-31,169.11354064941406,169.24226937820893,166.27136928302133,167.70731641765212,44846000
2023-11-01,172.2825164794922,172.53998907588377,168.46985489806465,169.34132385628374,56934900
2023-11-02,175.84759521484375,176.05554977286621,173.75806140886317,173.8174769968696,77334800
2023-11-03,174.93649291992188,175.10485722122255,171.66851493448934,172.5498813500308,79829200
2023-11-06,177.49147033691406,177.6895273209714,174.50077512285628,174.66912431484397,63841300
2023-11-07,180.05636596679688,180.67034717470034,177.23400472320088,177.44195927584823,70530000
2023-11-08,181.11599731445312,181.67056299140017,179.82860407252238,180.581241871906,49340300
2023-11-09,180.64065551757812,182.33406032637882,180.0464693782347,181.18532362684607,53763500
2023-11-10,184.8351287841797,185.00371491529177,181.98922784820692,182.425536381392,66133400
2023-11-13,183.24855041503906,184.4682199516521,182.6635072771428,184.25999143916752,43627500
2023-11-14,185.8663787841797,186.5307520867399,184.73595008374065,186.12419054719692,60108400
2023-11-15,186.4315948486328,187.90909130382101,186.20353000343164,186.2729495954029,53790500
2023-11-16,188.1173553466797,189.35686136039257,187.0662415372727,187.97853127837138,54412900
2023-11-17,188.09751892089844,188.78172866103995,186.98692637498098,188.65281519385715,50922700
2023-11-20,189.8427276611328,190.29887250675844,188.2859160609316,188.2958266614519,46505100
2023-11-21,189.03952026367188,189.91213724546566,188.14708208188244,189.80306012274144,38134500
2023-11-22,189.70391845703125,191.31031344701395,189.2279523730899,189.88241519518988,39617700
2023-11-24,188.3751220703125,189.29730706109567,187.66116556681618,189.2675601343404,24048300
2023-11-27,188.19662475585938,189.06924161961734,187.31409729344418,188.32553819182863,40552600
2023-11-28,188.80152893066406,189.47582799498892,187.8099242301234,188.1867388581487,38415400
2023-11-29,187.78016662597656,190.47733246859286,187.3835308205802,189.29732052111245,43014200
2023-11-30,188.35531616210938,188.7222202024886,186.61009727764167,188.2462390361622,48794400
2023-12-01,189.63449096679688,189.95179660734362,187.64135580786584,188.73212704562349,45704800
2023-12-04,187.83966064453125,188.45446581331387,185.87628768397204,188.38504622543272,43389500
2023-12-05,191.7961883544922,192.76795676998717,188.58338352707358,188.61314558971708,66628400
2023-12-06,190.7054443359375,193.12494736273675,190.4972006683192,192.81755229252437,41089700
2023-12-07,192.63905334472656,193.3629205543118,191.96475426663108,192.0044269286476,47477700
2023-12-08,194.0669708251953,194.34461894265894,192.04408867717459,192.56963798027982,53406400
2023-12-11,191.55819702148438,191.8656072016425,189.81297812056516,191.48879255742054,60943700
2023-12-12,193.07537841796875,193.08528901898003,190.1104746012234,191.45905774250062,52696900
2023-12-13,196.29808044433594,196.33773797632358,193.214189106248,193.45216455954898,70404200
2023-12-14,196.4468231201172,197.9441408874326,194.51319682969313,196.35758232148717,66831600
2023-12-15,195.91134643554688,196.734365015635,195.34612449787411,195.87167377464695,128538400
2023-12-18,194.2454833984375,194.97927647202485,192.75807604734507,194.44380135244515,55751900
2023-12-19,195.28662109375,195.29653169314724,194.2454331909677,194.51317068155427,40714100
2023-12-20,193.19435119628906,196.0204155959587,193.19435119628906,195.24696511767544,52242800
2023-12-21,193.0455780029297,195.42543814276274,191.8754918271264,194.4536698626075,46482500
2023-12-22,191.9746856689453,193.76948784569112,191.349969834571,193.54140785907617,37149600
2023-12-26,191.4292755126953,192.26221976472212,191.21112128516174,191.98457168071317,28919300
2023-12-27,191.5284423828125,191.87551008122907,189.48573911500236,190.87399477798158,48087700
2023-12-28,191.954833984375,193.02576884449476,191.54827243799232,192.51013017909935,34049900
2023-12-29,190.91366577148438,192.76796185552627,190.12037892679615,192.27215946893213,42672100
2024-01-02,184.0814971923828,186.85799339797134,182.34618895522584,185.5788148528252,82488700
2024-01-03,182.70315551757812,184.31947592788424,181.8900324473893,182.67340858873573,58414500
2024-01-04,180.38282775878906,181.552914127362,179.36147605378457,180.62080322049852,71983600
2024-01-05,179.658935546875,181.2256728170181,178.65742022872922,180.46214807824285,62379700
2024-01-08,184.00216674804688,184.04183940945515,179.9762540642685,180.56129720920066,59144500
2024-01-09,183.585693359375,183.59560395931726,181.19592240352762,182.37593441619447,42841800
2024-01-10,184.62692260742188,184.83515116758386,182.37597520082278,182.80237318468593,46792900
2024-01-11,184.03192138671875,185.4796709750172,182.07845882443647,184.97394287034564,49128400
2024-01-12,184.35916137695312,185.1722845702879,183.6352941143493,184.49798544280438,40477800
2024-01-16,182.08836364746094,182.71306427754865,179.4110190331086,180.630703626113,65603000
2024-01-17,181.14633178710938,181.39423295178236,178.78632298828933,179.74818071767538,47317400
2024-01-18,187.04638671875,187.55209963440907,184.26989072089356,184.5277024783634,78005800
2024-01-19,189.95179748535156,190.33852272040096,187.23481023986653,187.74052319933506,68903000
2024-01-22,192.26223754882812,193.69015075906108,190.64591702187175,190.68558968364889,60133900
2024-01-23,193.54141235351562,194.10663433692045,192.20275498822556,193.38276708914043,42355600
2024-01-24,192.8671112060547,194.73133285541883,192.70845082511164,193.7793857004472,53631300
2024-01-25,192.53988647460938,194.62226243680658,191.48878789336808,193.58107445570798,54822100
2024-01-26,190.80458068847656,193.1249321296598,190.3286146537771,192.63905549468925,44594000
2024-01-29,190.120361328125,190.5864167388377,187.98841731539085,190.39800942846193,47145600
2024-01-30,186.4613494873047,190.18979301004535,185.89614265093053,189.33701232459805,55859400
2024-01-31,182.85189819335938,185.52924295226458,182.80233006356883,185.46973396127981,55467800
2024-02-01,185.29127502441406,185.38051582576702,182.27680306565713,182.44537406733116,64885400
2024-02-02,184.2897491455078,185.75731994134992,177.74515173237538,178.35003123610636,102551700
2024-02-05,186.1043701171875,187.6611968198497,184.27982102914154,186.57042555488334,69668800
2024-02-06,187.71078491210938,187.72069551270494,185.2020260688322,185.291266866256,43490800
2024-02-07,187.8198699951172,189.44610127224303,187.02658312392904,189.03953967028943,53439000
2024-02-08,186.739013671875,187.94875754592414,185.77715585449096,187.8000228857875,40962000
2024-02-09,187.50350952148438,188.63538073939827,186.65956394365634,187.30492339729363,45155200
2024-02-12,185.8156280517578,187.32479480430874,185.45819421957458,187.0765772861258,41781900
2024-02-13,183.72067260742188,184.88234393093236,182.20158259974826,184.4454786725173,56529500
2024-02-14,182.83702087402344,184.2071864451767,181.13922150541597,183.9986922104331,54630500
2024-02-15,182.54908752441406,183.17460050228618,180.05698915939104,182.2413002337134,65434500
2024-02-16,181.01011657714844,183.53201471208476,180.3746804207065,182.11220281800786,49752500
2024-02-20,180.26548767089844,181.12927978468986,178.7166127841021,180.49384354523508,53665600
2024-02-21,181.02008056640625,181.5860086349742,179.37191259479573,180.64278508736416,41371400
2024-02-22,183.05545043945312,183.64125529629035,181.15908011476066,182.17179668082835,52292200
2024-02-23,181.21864318847656,183.72066477086588,180.9307023940782,183.6908798817894,45119700
2024-02-26,179.86834716796875,181.45693020455124,179.36197373162466,180.94064867140935,40867400
2024-02-27,181.32785034179688,182.60864595739088,178.27973221361,179.80876047563007,54318900
2024-02-28,180.12648010253906,181.814356133641,178.84568442217187,181.20870480571682,48953900
2024-02-29,179.4612579345703,181.26828866128915,178.2499552858893,179.97755459220346,136682600
2024-03-01,178.37905883789062,179.2428510400178,176.11531605645658,178.26984251290932,73563100
2024-03-04,173.85154724121094,175.63870116419773,172.55087478393426,174.8940486462885,81510100
2024-03-05,168.9070587158203,170.8133675141066,168.4106236594959,169.54249498191575,95132400
2024-03-06,167.91416931152344,170.01906401050476,167.47730408815008,169.8403395327639,68587700
2024-03-07,167.7950439453125,169.51270494606766,167.28868565722726,167.94396839769192,71765100
2024-03-08,169.5126953125,172.4615205019895,167.73546463179477,167.79503440936114,76267000
2024-03-11,171.51829528808594,173.13667826239134,170.8232893067872,171.7069430151515,60139500
2024-03-12,171.994873046875,172.7891721100731,169.79070034274764,171.91544162555573,59825400
2024-03-13,169.9098663330078,171.9551763303205,169.54249409126064,171.53817270319811,52488700
2024-03-14,171.7665252685547,173.06718266017282,170.82330171470906,171.67717059661035,72913500
2024-03-15,171.38922119140625,171.38922119140625,169.0758321837892,169.94956266563446,121752700
2024-03-18,172.48138427734375,176.44294118443133,172.282813299669,174.31819990832292,75604200
2024-03-19,174.82456970214844,175.350789645184,171.7963128554373,173.09697026746844,55215200
2024-03-20,177.3961181640625,177.3961181640625,173.84164100305182,174.4671540818042,53423100
2024-03-21,170.14813232421875,176.22450721449738,169.6219124199128,175.78764197696165,106181300
2024-03-22,171.05166625976562,171.81618050845861,168.8474933401544,170.5353695457136,71160100
2024-03-25,169.63186645507812,170.71409125238694,168.24183919385965,169.35386403283357,54288300
2024-03-26,168.5,170.19779947429063,168.37092203236526,168.787925677805,57388400
2024-03-27,172.07431030273438,172.36225110852925,168.89712909220745,169.19499314475576,60273300
2024-03-28,170.25735473632812,171.00200728609337,169.29426955996547,170.5254338962422,65672700
2024-04-01,168.81771850585938,170.02902135907414,168.27163686711552,169.9694515712106,46240500
2024-04-02,167.63616943359375,168.13260444031488,167.0305181193942,167.87446369081778,49329500
2024-04-03,168.44039916992188,169.46305411699578,167.37803608655156,167.5865303145986,47691700
2024-04-04,167.6163330078125,170.69422114433502,167.6163330078125,169.0758380772312,53704400
2024-04-05,168.3708953857422,169.1751176568126,167.74538244157907,168.38081863168355,42104800
2024-04-08,167.24896240234375,167.99361496437555,167.04046816897213,167.82482886831443,37425500
2024-04-09,168.46023559570312,168.8673158942794,167.14965519417964,167.49715057223858,42373800
2024-04-10,166.583740234375,167.88439761067826,165.91851910107465,167.59647195447172,49709300
2024-04-11,173.79197692871094,174.208995705804,166.9610408919762,167.13975023930564,91070300
2024-04-12,175.2912139892578,177.0883063929916,172.96790166012116,173.0175330436537,101670900
2024-04-15,171.45872497558594,175.37063525095596,171.27007724910962,174.10968609239896,73531800
2024-04-16,168.17233276367188,172.5210932508517,167.0702464097302,170.52542991803605,73711200
2024-04-17,166.8021697998047,169.43326939438703,166.8021697998047,168.4006911997193,50901200
2024-04-18,165.84901428222656,167.4376124969012,165.36251763085394,166.83196113193097,43122900
2024-04-19,163.8235626220703,165.21357466916862,162.9101239696921,165.02494208062998,68149400
2024-04-22,164.65756225585938,166.06743588145892,163.59519920100377,164.33985172403135,48116400
2024-04-23,165.70999145507812,165.85893104014463,163.74411316214608,164.1710551260113,49537800
2024-04-24,167.8148956298828,168.09289802448964,165.02493328758231,165.35256706337344,48251800
2024-04-25,168.6787109375,169.39357866495865,166.95111140447554,168.32127707377066,50558300
2024-04-26,168.09291076660156,170.11835910227322,167.97375605274175,168.66877724193844,44838400
2024-04-29,172.262939453125,174.77489926024026,171.86579752591055,172.13386150928326,68169400
2024-04-30,169.1155548095703,173.74233280675443,168.78790588015656,172.09416491333778,65934800
2024-05-01,168.09291076660156,171.47860143970507,167.90426302381934,168.37091318228207,50383100
2024-05-02,171.79627990722656,172.18349856746104,169.67153889850545,171.27998331024975,94214900
2024-05-03,182.07249450683594,185.66667884285496,181.3576269377945,185.31916830374013,163224100
2024-05-06,180.4144287109375,182.88666551151155,179.1336178251023,181.04986495546194,78569700
2024-05-07,181.0994873046875,183.5816623782166,180.02720100491794,182.1420038655686,77305800
2024-05-08,181.43707275390625,181.76472167822584,180.1562619452029,181.5462890620128,45057100
2024-05-09,183.25404357910156,183.34339825305352,180.81157644111198,181.25836496086742,48983000
2024-05-10,181.99134826660156,184.01954341769996,181.07667083214218,183.8306398399399,50759500
2024-05-13,185.20269775390625,186.01796278299403,183.5522942832241,184.36755931231187,72044800
2024-05-14,186.34605407714844,187.2110330394528,185.21264749222254,186.42559324440313,52393600
2024-05-15,188.62281799316406,189.54743236218252,186.2864023770235,186.82328796013638,70400000
2024-05-16,188.7421112060547,189.99483406684226,188.56315946625315,189.36847263644847,52845200
2024-05-17,188.77194213867188,189.7065083736888,188.0859301078384,188.4140234778259,41282900
2024-05-20,189.93516540527344,190.81008101901142,187.91690657220929,188.2350632210391,44361300
2024-05-21,191.2375946044922,191.6153866469515,189.815856788038,189.98487181213304,42309400
2024-05-22,189.7959747314453,191.7048842739564,189.1696284842733,191.15806201805708,34648500
2024-05-23,185.79922485351562,189.89539287135,185.55067067436462,189.87550428926582,51005900
2024-05-24,188.8813018798828,189.47783802324832,186.95251887628444,187.7280219308774,36327000
2024-05-28,188.89125061035156,191.8838376427625,188.00639828711084,190.40244918609352,52280100
2024-05-29,189.18951416015625,191.13818582461732,188.41402624535667,188.51345399670836,53068000
2024-05-30,190.18373107910156,191.06858345257766,189.52755949973073,189.6567973718936,49889100
2024-05-31,191.13815307617188,191.4563096895504,188.81168973037515,190.33284000805318,75158300
2024-06-03,192.90785217285156,193.86230681599304,191.4065905177512,191.78438252249018,50080500
2024-06-04,193.2260284423828,194.19041988861153,191.91365507081835,193.51434462038463,47471400
2024-06-05,194.7372283935547,195.76127042413225,193.74301165159252,194.269945311189,54156800
2024-06-06,193.3552703857422,195.3635924798522,193.04706561878618,194.55827933508485,41181800
2024-06-07,195.7513427734375,195.80105664694403,193.01724660656404,193.52429170702464,53103900
2024-06-10,192.0031280517578,196.15896182874013,191.03873662001607,195.76126603853862,97010200
2024-06-11,205.95199584960938,205.96194772636147,192.51019617172983,192.53006958414636,172373300
2024-06-12,211.83778381347656,218.9265393804105,205.7034527218097,206.1707358379729,198134300
2024-06-13,213.00099182128906,215.49647028335949,210.37626033331,213.49810017257707,97862700
2024-06-14,211.2611083984375,213.9256018265929,210.07798811856898,212.61324369392398,70122700
2024-06-17,215.4169464111328,217.6837594401996,211.4897931914233,212.13602802573277,93728300
2024-06-18,213.05068969726562,217.36560169939582,211.76815683093403,216.33160783720555,79943300
2024-06-20,208.4673614501953,213.00100258632773,207.64217489543017,212.6927826496957,86172500
2024-06-21,206.29005432128906,210.66460227969185,205.91224707350656,209.17327704334386,241805100
2024-06-24,206.93626403808594,211.46988977828624,205.39522511371305,206.51869484312465,80727000
2024-06-25,207.86090087890625,210.15753911842552,207.40355450398363,207.94042486793816,55549700
2024-06-26,212.0167236328125,213.61741321993355,209.42181728774156,210.2768443064002,66213200
2024-06-27,212.86181640625,214.49233130131694,211.1219370597224,213.4484006592916,49772700
2024-06-28,209.40191650390625,214.8204096554565,209.08377504858177,214.52214161134154,82542700
2024-07-01,215.49647521972656,216.25207446959737,210.6944066158183,210.86342163866271,60402900
2024-07-02,218.99612426757812,219.10548871515067,213.85602557275527,214.89994100712372,58046200
2024-07-03,220.26870727539062,220.26870727539062,217.76327700783267,218.7276683957665,37369800
2024-07-05,225.03099060058594,225.14035503778035,220.36811213286134,220.36811213286134,60412400
2024-07-08,226.50247192382812,226.53229721329785,221.95889400104966,225.7766827586142,59085900
2024-07-09,227.35748291015625,228.07332019577044,225.0608446065374,226.6118203351868,48076100
2024-07-10,231.63259887695312,231.73202661360727,227.92417489200207,227.97388876032915,62627700
2024-07-11,226.25390625,231.04602295166967,224.46431311990926,230.0518062316796,64710600
2024-07-12,229.2067108154297,231.2945719488415,227.3574671508641,227.59608461971035,53046500
2024-07-15,233.04440307617188,235.8580383346859,231.7419815445035,235.11237576276483,62631300
2024-07-16,233.4619903564453,234.9036016458956,230.9863851256273,233.64094209406048,43234300
2024-07-17,227.5563201904297,230.12140106352723,225.3292693500046,228.12301581337556,57345900
2024-07-18,222.8834991455078,229.10730558155058,220.9845567217071,228.94822726389444,66034600
2024-07-19,223.01275634765625,225.4883615119168,221.9887143107171,223.5198165983548,49151500
2024-07-22,222.664794921875,226.4626951020567,221.799816014305,225.69714393989972,48201800
2024-07-23,223.70870971679688,225.6275559695254,221.3921828247117,223.07241159149987,39960300
2024-07-24,217.276123046875,223.4999296447353,215.8742889513949,222.70455320631825,61777600
2024-07-25,216.23219299316406,219.57276167257183,213.37878078186108,217.6638522810165,51391200
2024-07-26,216.69949340820312,218.22064384945838,214.76075857434793,217.4352041073067,41601300
2024-07-29,216.97787475585938,218.0317421116191,214.50226952108,215.70527849563507,36311800
2024-07-30,217.53460693359375,219.05575720060034,214.8700984121393,217.9223508218397,41643800
2024-07-31,220.795654296875,222.52559687691686,219.35404306544518,220.1593561933901,50036300
2024-08-01,217.09716796875,223.1817695634113,215.76492117798517,223.07240511518174,62501000
2024-08-02,218.58848571777344,224.29529507499745,216.45092586682142,217.88258518105536,105568600
2024-08-05,208.05975341796875,212.26528622278008,194.86649227009318,197.9386185328084,119548600
2024-08-06,206.03152465820312,208.7755724881847,199.90716125146164,204.11269368890086,69660500
2024-08-07,208.6065673828125,212.40446750854989,205.19639601521322,205.70344110024527,63516400
2024-08-08,212.0763702392578,212.96122253044004,207.6222834948103,211.87752992550045,47161100
2024-08-09,214.98944091796875,215.5263113015057,210.7441310403627,210.8733840757052,42201600
2024-08-12,216.5222930908203,218.49311650663688,214.60124108809114,215.0690650325273,38028100
2024-08-13,220.24496459960938,220.8620875715453,217.99542439436792,217.99542439436792,44155300
2024-08-14,220.69290161132812,221.99683071433236,218.6822548419691,219.548234966672,41960600
2024-08-15,223.6790008544922,224.3060872818483,221.72807374055304,223.55956160665437,46414000
2024-08-16,225.00283813476562,225.77922361016536,222.6139468974481,222.88270038911833,44340200
2024-08-19,224.8435821533203,224.94312498661264,222.0067784736323,224.6743714872065,40687800
2024-08-20,225.46067810058594,226.117624269924,224.405591022129,224.7241158999058,30299000
2024-08-21,225.35121154785156,226.92389412945442,224.00747444255492,225.4706659840429,34765500
2024-08-22,223.4898681640625,227.28221598709214,222.86278176595104,226.7347608131935,43695300
2024-08-23,225.78916931152344,227.16278137803022,223.29080225181497,224.61464290366072,38677300
2024-08-26,226.12759399414062,226.22713682494347,222.85284141893553,225.7095414433551,30602200
2024-08-27,226.97364807128906,227.78985670532606,223.84819475275475,224.95305327681544,35934600
2024-08-28,225.4407958984375,228.79517959293358,224.63453544627717,226.86416416696267,38052200
2024-08-29,228.7255096435547,231.8410150307569,227.8197366882459,229.03408635152135,51906300
2024-08-30,227.93917846679688,229.3326870197365,226.42621547495946,229.12366833084764,52990800
2024-09-03,221.738037109375,227.9391727978887,220.1454429272487,227.4912604304481,50190600
2024-09-04,219.82691955566406,220.75260404502964,216.47252073588626,220.6331648046219,43840200
2024-09-05,221.34982299804688,224.43545304440553,220.49380636570692,220.60329739500978,36615400
2024-09-06,219.7970733642578,224.19659618640478,218.75193438162455,222.9125635200513,48423000
2024-09-09,219.8866424560547,220.24497537072617,215.7061019102892,219.79706302441255,67180000
2024-09-10,219.09034729003906,220.45399594379384,215.72600018375593,217.905857501112,51591000
2024-09-11,221.62852478027344,222.05652550259597,216.88061769002928,220.4340868524661,44587100
2024-09-12,221.738037109375,222.51442259643306,218.8017058249269,221.46928361366915,37455600
2024-09-13,221.4692840576172,223.00214343080088,220.8820208371711,222.54428285449177,36766600
2024-09-16,215.3179168701172,216.21374159471785,212.92902562434276,215.5368837592455,59357400
2024-09-17,215.7857208251953,215.8952118613641,213.50633585708556,214.75054527350213,45519300
2024-09-18,219.66766357421875,221.67831024616868,216.5322467283196,216.54221012404864,59894900
2024-09-19,227.80975341796875,228.75536468744528,223.58940496515828,223.94773787040657,66781300
2024-09-20,227.1428680419922,232.01021467188832,226.56555305015522,228.90467282845125,318679900
2024-09-23,225.42088317871094,228.38707413181643,224.7639369712135,226.2868480598011,54146000
2024-09-24,226.3167266845703,228.2875654709032,224.68432442569429,227.59079599939528,43556100
2024-09-25,225.3213348388672,226.23707111110926,222.9822303399746,223.88800321688734,42308700
2024-09-26,226.4660186767578,227.44147457763864,224.36579263659118,226.24703661091274,36636700
2024-09-27,226.73475646972656,228.45675318264773,226.24703611440785,227.40166606122023,34026000
2024-09-30,231.920654296875,231.920654296875,228.58616671135624,228.9743594736852,54541900
2024-10-01,225.162109375,228.58616112900037,222.70355021092283,228.45677367012016,63285000
2024-10-02,225.7294464111328,226.31670960653594,221.98686997976517,224.84356992020335,32880600
2024-10-03,224.6245880126953,225.75930638603796,222.28548343692833,224.09704443839323,34044200
2024-10-04,225.74935913085938,226.9437971307691,223.09172964492672,226.8442543024003,37245100
2024-10-07,220.66302490234375,224.6444949275546,220.30469199255066,223.46000516495792,39505400
2024-10-08,224.72412109375,224.9331397600325,222.21579078164237,223.2609296773624,31855700
2024-10-09,228.47666931152344,228.68570318762718,223.78849648056692,224.1866374402548,33591100
2024-10-10,227.97898864746094,228.43686442668115,226.11765609380726,226.72483093793394,28183500
2024-10-11,226.49588012695312,228.34726430462075,226.28684626691359,228.23777327090536,31759200
2024-10-14,230.228515625,230.65651637799863,227.54102629778745,227.64055393917852,39882100
2024-10-15,232.76670837402344,236.3898456598821,231.29355345996072,232.52781469355565,64751400
2024-10-16,230.70626831054688,231.04468960128423,228.77525301100687,230.52710945831018,34082200
2024-10-17,231.07456970214844,232.76670668063704,229.4521309302649,232.348638945834,32993800
2024-10-18,233.91134643554688,235.08587271459402,232.92592721050605,235.08587271459402,46431500
2024-10-21,235.384521484375,235.75281781754072,233.36392650842956,233.36392650842956,36254500
2024-10-22,234.7674102783203,235.12574323334508,231.5225172658939,232.80653482833821,38846600
2024-10-23,229.6909942626953,234.05070868615385,226.70489182210235,232.99562158724072,52287000
2024-10-24,229.5019073486328,229.75074924052936,227.35190975750177,228.9146289407981,31109500
2024-10-25,230.3380126953125,232.13962556438537,228.5065400142299,228.6757506783198,38802300
2024-10-28,232.3187713623047,233.64261197661628,231.47271808946843,232.23915532682838,36087100
2024-10-29,232.5875244140625,233.2444706163013,231.24378738741356,232.0201728307493,35417200
2024-10-30,229.03407287597656,232.38845656475567,228.48661770128336,231.5324398883544,47070900
2024-10-31,224.8634796142578,228.76531846185907,224.32597264925337,228.27758291037028,64370100
2024-11-01,221.87738037109375,224.30607958110733,219.2496106921502,219.9463649274566,65276700
2024-11-04,220.98153686523438,221.75792231303782,218.69220372782075,219.96627293386246,44944500
2024-11-05,222.4148712158203,222.91255498009295,220.11557465497725,220.7725208689619,28111300
2024-11-06,221.68826293945312,225.02275032206146,220.16535179621147,221.5787719009408,54561100
2024-11-07,226.4261932373047,226.82434934768688,223.52968537330023,223.5894049928319,42137700
2024-11-08,226.15716552734375,227.8511489598711,225.60910803907555,226.366414165256,38328800
2024-11-11,223.4368133544922,224.90161465065876,220.7164746065314,224.20409384410638,42005600
2024-11-12,223.4368133544922,224.79200315214243,222.5698957238352,223.75568869738083,40398300
2024-11-13,224.3236541748047,225.84824072641777,221.97200184604,223.2175800878685,48566200
2024-11-14,227.4127197265625,228.06041440281584,224.204108600429,224.2240421118748,44923900
2024-11-15,224.2041015625,226.11730807125568,223.47668806811174,225.59914322363005,47923700
2024-11-18,227.2134246826172,228.9273417095955,224.37349996104592,224.4532188000698,44633700
2024-11-19,227.47247314453125,229.3458276324582,225.8582086546099,226.17706876893948,36211800
2024-11-20,228.18995666503906,229.1166596710885,225.09095708205055,227.25327930098,35169600
2024-11-21,227.71165466308594,229.3458528412815,224.91159698015457,228.07038183414417,42108300
2024-11-22,229.05685424804688,229.9038535446,227.2532593649619,227.2532593649619,38168300
2024-11-25,232.04624938964844,232.42491005721112,228.92733167542056,230.64124862727573,90152800
2024-11-26,234.228515625,234.73672132395913,232.50463944229026,232.50463944229026,45986200
2024-11-27,234.0989532470703,234.85627456038557,232.98291999142185,233.6405889619916,33498400
2024-11-29,236.49049377441406,236.96879161176938,233.14237850329877,233.97940351987407,28481400
2024-12-02,238.7424774169922,239.93822952974793,236.32108052902282,236.4306920263062,48137100
2024-12-03,241.79165649414062,241.90126799408412,238.05492154808562,238.96170621081686,38861000
2024-12-04,242.150390625,243.2465056559754,240.3966217802532,242.01088645785893,44383900
2024-12-05,242.18028259277344,243.67497660990782,241.27351311137042,243.1269343008096,40033900
2024-12-06,241.98098754882812,243.7646642163996,241.22368140458013,242.05074723300527,36870600
2024-12-09,245.8771514892578,246.36542364679892,240.89483838917155,240.97455722335047,44649200
2024-12-10,246.89353942871094,247.33198539974384,244.4721274358929,246.01664748664516,36914800
2024-12-11,245.6180877685547,249.91283942191654,245.38889040813984,247.08288910248365,45205800
2024-12-12,247.08287048339844,247.8601100871407,244.81092178998352,246.0166482138882,32777500
2024-12-13,247.25228881835938,248.4081739675946,245.36897496771653,246.94338782137353,33155300
2024-12-16,250.15196228027344,250.49077111704125,246.7739547032778,247.11276354004562,51694800
2024-12-17,252.58334350585938,252.93211150871377,248.89643481128522,249.1953766416157,51356400
2024-12-18,247.1725616455078,253.38051965426092,246.86366065893745,251.26802371656945,56774100
2024-12-19,248.90638732910156,251.10857637552834,246.21594133746913,246.62449465453676,60882300
2024-12-20,253.5897674560547,254.0979578981185,244.82089371115717,247.16257165125242,147495300
2024-12-23,254.36700439453125,254.74564983170012,252.55343521958227,253.86877310974026,40858800
2024-12-24,257.28668212890625,257.2966260773909,254.386956808638,254.58626151312842,23234700
2024-12-26,258.1037292480469,259.1799258751944,256.7186620602343,257.27667867815336,27237100
2024-12-27,254.6858673095703,257.78488174803636,252.16481819720389,256.91793375888693,42355300
2024-12-30,251.30787658691406,252.60328106925755,249.86300878941353,251.33776924994547,35557500
2024-12-31,249.5341796875,252.38406352835983,248.54767617168994,251.5470385357527,39480700
