Date,Close,High,Low,Open,Volume
,GOOGL,GOOGL,GOOGL,GOOGL,GOOGL
2020-01-02,67.9652328491211,67.9652328491211,66.86333571006601,66.9586787875548,27278000
2020-01-03,67.60968017578125,68.21699501628234,66.90454453964605,66.9383158243975,23408000
2020-01-06,69.4117660522461,69.43708883609668,67.08729816087028,67.11857657252054,46768000
2020-01-07,69.27767181396484,69.69430045894913,69.1013898202291,69.543341242908,34330000
2020-01-08,69.77078247070312,70.10894997178289,69.15453414305767,69.26328117365361,35314000
2020-01-09,70.50322723388672,70.94467861110725,70.02750448166115,70.6094889546629,33200000
2020-01-10,70.95858764648438,71.25554310798687,70.49379866523805,70.98391800569446,26258000
2020-01-13,71.50829315185547,71.58029107177933,70.78031249992908,71.27092429925027,30730000
2020-01-14,71.0395278930664,71.63740160436679,70.89948731348015,71.50680213300282,26076000
2020-01-15,71.46709442138672,71.54555565887044,71.09267785074252,71.16021285892141,21550000
2020-01-16,72.01133728027344,72.03815275975688,71.50681377041046,71.77744628827148,26080000
2020-01-17,73.46926879882812,73.52041445228143,72.32863737834732,72.626085344564,52424000
2020-01-21,73.60484313964844,73.9837301623698,73.00696178186003,73.44345017940596,48930000
2020-01-22,73.6852798461914,74.51505937450915,73.6252007502099,73.97627967986148,28458000
2020-01-23,73.72599792480469,74.16348648276097,73.50899638662688,73.86802372289836,26650000
2020-01-24,72.80635070800781,74.19824756618672,72.65786918227317,74.12971996265826,29786000
2020-01-27,71.09615325927734,71.33699250078811,70.48883829793303,71.08671972598552,34132000
2020-01-28,72.02821350097656,72.24173713836646,71.02810757836856,71.59321023544943,29724000
2020-01-29,72.33609008789062,72.70554357944198,71.77446531610946,72.42348475495831,21566000
2020-01-30,72.21443176269531,72.26408472389092,71.25852322835154,71.41246028918627,27110000
2020-01-31,71.14828491210938,72.98014809578615,70.8642408722417,72.89026812670592,43822000
2020-02-03,73.6222152709961,73.80595319465691,72.33161718194921,72.58188991973289,71636000
2020-02-04,71.77545166015625,72.86443730740805,70.61446051188975,72.22634415188331,95880000
2020-02-05,71.8072280883789,72.72738001725605,70.99433806026747,72.6792121800727,36376000
2020-02-06,73.29298400878906,73.57057229670284,72.02721627071665,72.1016994935962,37822000
2020-02-07,73.44892120361328,73.75381754289155,72.7686157058186,72.86693661087277,28360000
2020-02-10,74.91629028320312,74.92721651036499,73.25475361833762,73.35555980846348,38302000
2020-02-11,74.9858169555664,75.97003370117069,74.7568965647971,75.14521713630961,34852000
2020-02-12,75.41138458251953,75.49430874131542,74.91679471215745,75.27382928475085,31042000
2020-02-13,75.15118408203125,75.77488079404449,74.68489477219461,74.98284287407141,22914000
2020-02-14,75.41635131835938,75.48190111121941,74.76186114868284,75.20779068392721,23198000
2020-02-18,75.45159912109375,76.00379033131755,75.03298520442388,75.19834857469563,25642000
2020-02-19,75.72124481201172,76.01273717555429,75.52808092264881,75.83694765555981,22746000
2020-02-20,75.32994842529297,75.83049394244608,74.69780323296706,75.43025453422534,25962000
2020-02-21,73.66492462158203,75.03001360117807,73.41812977284052,74.71369096599916,42520000
2020-02-24,70.5067138671875,71.32705999683778,69.85769434365108,70.6651214576265,49560000
2020-02-25,68.8411865234375,71.350376879423,68.54820909516557,71.05988475080639,51580000
2020-02-26,69.0472640991211,70.19932176165533,68.3560325324539,69.2712214294434,49776000
2020-02-27,65.29713439941406,68.00098920954161,65.26187799484646,67.49150271843352,62290000
2020-02-28,66.50382232666016,66.66272241984927,62.97615084767153,63.27906196423352,80198000
2020-03-02,68.8411865234375,68.89828779844545,65.80612039922265,67.10665194660707,55430000
2020-03-03,66.42784118652344,69.92720421557465,66.00674195489913,69.40530636805653,56602000
2020-03-04,68.6068115234375,68.6654055008889,66.39208344077265,67.48256183891996,47598000
2020-03-05,65.28771209716797,67.21790397078222,64.63620727117362,66.81666434718564,54380000
2020-03-06,64.34321594238281,64.69130946412695,62.42991012561368,63.06254774883927,64640000
2020-03-09,60.373104095458984,62.20745260056038,59.49168255231933,59.8353131816508,69252000
2020-03-10,63.3217658996582,63.355533400320745,60.30954041673716,62.289885180152496,54872000
2020-03-11,60.13027572631836,62.41601307418606,59.149044380653855,61.98598038056029,54732000
2020-03-12,55.19680404663086,59.03036438398447,55.04385958424716,55.746513797893854,94326000
2020-03-13,60.29762268066406,60.304078399115795,55.23354724050497,58.347075086419736,79400000
2020-03-16,53.28250503540039,56.88118149675051,52.988531177685545,54.107313960757686,96520000
2020-03-17,55.520076751708984,55.91435675345226,52.09569672522994,54.15846940339358,83194000
2020-03-18,54.1857795715332,54.871051840564625,51.49483597251045,52.63398239554666,93044000
2020-03-19,55.202762603759766,57.23574188881747,52.415983458077136,54.038293418612895,74064000
2020-03-20,53.044647216796875,56.534080583243956,52.741239806771596,56.15767505901044,82878000
2020-03-23,52.34546661376953,52.98008946545137,50.097967458203165,52.456698939752336,83672000
2020-03-24,56.113487243652344,56.27835055419119,53.94941193021554,54.82090372748257,72468000
2020-03-25,54.70370101928711,56.915939950853826,53.779574836331406,55.84383613305106,90324000
2020-03-26,57.74770736694336,58.17277701676787,54.22748827696145,55.35421570523209,76562000
2020-03-27,55.132747650146484,57.158278669216685,54.821891909688404,55.98735373238596,62794000
2020-03-30,56.92289733886719,57.15579193434455,54.54827641714749,56.244080799172416,58736000
2020-03-31,57.69953918457031,58.26811596366001,56.446678999724746,57.04306764962275,65228000
2020-04-01,54.727535247802734,56.08417939198455,54.299984103804036,55.815035808554676,51970000
2020-04-02,55.46892547607422,55.75395831834769,54.282111383746546,54.623256692650074,56410000
2020-04-03,54.2607536315918,55.55631850299663,53.385791673504606,55.35371730864713,51374000
2020-04-06,58.754268646240234,59.12967778050272,55.86469805410107,56.26195964457938,63320000
2020-04-07,58.72298049926758,60.620893529545036,58.459300013090534,60.43368148304381,61620000
2020-04-08,59.93661117553711,60.3289059468666,58.79200545437825,59.74294719569394,40334000
2020-04-09,59.915260314941406,60.680979023435626,59.2126060981998,60.4917855481778,54028000
2020-04-13,60.10593795776367,60.31003183936777,58.71155595029426,59.66349018506345,38702000
2020-04-14,62.82817077636719,63.350564947040326,61.00623363759853,61.573821626847455,63358000
2020-04-15,62.434391021728516,63.31879042466128,61.277370091820224,61.89858528935915,42236000
2020-04-16,62.44083786010742,63.23188310736483,61.4859257171919,62.92301259197122,57896000
2020-04-17,63.5119514465332,64.05818325924749,62.866402347873645,63.64602504685049,51050000
2020-04-20,62.62556838989258,63.40370224725439,62.39168118173137,63.05957530501891,35292000
2020-04-21,60.19284439086914,62.07188272751854,59.83729494932787,61.709881356272376,49648000
2020-04-22,62.489505767822266,63.55565024230453,61.4362689416713,61.63042922031265,46296000
2020-04-23,63.12313461303711,63.96632194128163,62.594781016508605,62.853494700717256,34202000
2020-04-24,63.39277648925781,63.44789635340978,61.773940668732926,62.320172498657115,37402000
2020-04-27,63.10773849487305,64.2617815012073,62.81972404558168,64.15749740277272,44186000
2020-04-28,61.20734786987305,63.79797764528471,61.09760444603932,63.72051660190071,80700000
2020-04-29,66.6493148803711,67.54165883951754,65.88210729515733,66.78934790045282,108358000
2020-04-30,66.87376403808594,67.03763472110475,65.62239273502772,66.11201957490346,55842000
2020-05-01,65.4148178100586,67.10864053609349,65.03444570950143,65.75100006817652,48872000
2020-05-04,65.69190979003906,65.76987849801317,64.35662178892676,64.95847353570845,30806000
2020-05-05,66.98896789550781,68.08093904283001,66.29426590492336,66.41691697950115,39666000
2020-05-06,66.81070709228516,67.96574284054078,66.79581044461385,67.43490390739927,31732000
2020-05-07,67.99503326416016,68.32873785890114,67.16376853413021,67.59926435808376,30652000
2020-05-08,68.74287414550781,69.35365934273877,68.13059625287245,68.61773777696003,33326000
2020-05-11,69.69878387451172,70.29169468748732,68.30390909418357,68.3679661933899,32718000
2020-05-12,68.28801727294922,70.23210545562377,68.25474607445942,69.92870182776481,33918000
2020-05-13,66.95470428466797,68.79203814843098,65.9456648705068,68.3366751009286,40368000
2020-05-14,67.37828063964844,67.4036034198164,65.71177347406983,66.21927472185273,36660000
2020-05-15,68.1827392578125,68.25821509516415,66.49140158987903,66.95123515491863,41544000
2020-05-18,68.78459167480469,69.1609934145914,67.24619845412195,67.61267414754582,47094000
2020-05-19,68.24927520751953,69.14757473329719,68.21749670817653,68.79948120448985,31586000
2020-05-20,69.97537231445312,70.11789063162281,68.89582011929386,68.9822221805776,38262000
2020-05-21,69.8556900024414,70.33786087476744,69.24191948038552,70.06623580316936,30894000
2020-05-22,70.17797088623047,70.36467903297583,69.31939073428819,69.71416696713506,28544000
2020-05-26,70.5816879272461,71.76056121271995,70.4838671234599,71.60413885227362,44590000
2020-05-27,70.52757263183594,70.77933810233529,69.25237109022343,70.51366858878762,31684000
2020-05-28,70.42626190185547,71.72827870282323,69.47482393143548,69.52050647162248,35170000
2020-05-29,71.18502044677734,71.3444205942367,70.31402900548571,70.535000935911,37044000
2020-06-01,71.25206756591797,71.5852720478794,70.6268782127255,70.79671210149603,25162000
2020-06-02,71.62152099609375,71.65578479748356,70.59360695439943,71.25852322228091,23442000
2020-06-03,71.46956634521484,71.9542225686685,71.09067933557526,71.64088534545384,27732000
2020-06-04,70.23060607910156,71.57235738789437,69.81894796687253,71.3469073433277,26982000
2020-06-05,71.50780487060547,71.81965699433553,69.8988988668523,70.29715305504027,42642000
2020-06-08,71.90605926513672,71.9537270182775,70.73612696690151,70.82551442260042,33878000
2020-06-09,72.1066665649414,72.88728563936604,71.62399555303219,71.76701395697853,33624000
2020-06-10,72.73336029052734,73.13409224002542,72.21990330060945,72.57495270196671,31762000
2020-06-11,69.61485290527344,72.08283134805066,69.44154870912836,71.55794816007574,47144000
2020-06-12,70.16209411621094,71.23419808106286,68.81537962995735,70.8046578832885,36676000
2020-06-15,70.55040740966797,70.76194583867918,68.88489272365547,68.9986103518022,30468000
2020-06-16,71.82809448242188,72.35942585801052,70.9600807295404,71.95372336605863,30648000
2020-06-17,72.12952423095703,72.60921751305307,71.2649882465539,72.14939147973531,30610000
2020-06-18,71.21483612060547,72.15087754317152,70.82353011675572,71.99594785549428,34862000
2020-06-19,70.74407958984375,71.73027401225617,70.46400595064995,71.50681672541624,52784000
2020-06-22,72.0361557006836,72.05055983277585,70.47343996852237,70.76244702073843,29442000
2020-06-23,72.69759368896484,73.25475551732394,71.75509670337894,72.10269773253596,37752000
2020-06-24,71.1443099975586,73.284047173786,71.01023261158954,72.66283584354171,31592000
2020-06-25,71.5614242553711,71.6220034357294,70.49080563524517,71.07080487723475,23958000
2020-06-26,67.66033172607422,71.35882150746251,67.28591525186846,71.14082737699543,97640000
2020-06-29,69.37997436523438,69.42119397415527,67.11956375249905,67.55108911052362,45074000
2020-06-30,70.41682434082031,70.71228711438161,68.87148296157532,69.36558030991503,40286000
2020-07-01,71.60612487792969,71.92791062096299,70.22465415984608,70.4724491856165,42182000
2020-07-02,72.99305725097656,73.91619466883608,72.05651588265908,72.0947576791324,57218000
2020-07-06,74.46887969970703,74.98283672357624,73.34314484733716,73.89782139127526,44712000
2020-07-07,73.9857177734375,75.54496324835658,73.97479154544571,74.29409199452601,42364000
2020-07-08,74.66502380371094,75.04093299056807,74.10389158017398,74.5259833977762,31766000
2020-07-09,75.4128646850586,75.93327739481839,74.2672702352567,74.97935412387099,41836000
2020-07-10,76.42341613769531,76.5391190015722,74.52203240798522,75.14423649247206,35918000
2020-07-13,75.09358215332031,78.27811557578711,74.81202339647265,76.96616497127292,42954000
2020-07-14,75.5221176147461,75.6184533024254,73.78758272277796,74.12823553437825,38108000
2020-07-15,75.3244857788086,76.29032041143122,74.37851081631317,75.63980824059549,31026000
2020-07-16,75.2271499633789,75.27631040859266,73.90377320654089,74.56074103049501,26484000
2020-07-17,75.322998046875,75.64974684936665,74.39191966990278,75.3259758610201,34264000
2020-07-20,77.65640258789062,77.91313106864892,74.62034318261358,75.23112844043321,30166000
2020-07-21,77.26310729980469,78.80894879349559,77.09923661453773,78.70864268855435,27486000
2020-07-22,77.70655059814453,77.81231981573042,76.6329540174062,77.25268025403719,24482000
2020-07-23,75.31802368164062,77.97966630423089,74.91281370486792,77.76017946109586,33910000
2020-07-24,74.8939437866211,75.25247102661172,73.87000781062656,74.44603667633164,29902000
2020-07-27,75.94767761230469,76.35139490251304,75.09853848495182,75.14472111823234,27124000
2020-07-28,74.66751861572266,75.77785679558413,74.51208884949479,75.72770374031859,30910000
2020-07-29,75.6537094116211,76.14134347579515,74.63572897642125,74.73454996381882,22676000
2020-07-30,76.3916244506836,76.51676082705961,74.24641643772134,74.38545685591691,36042000
2020-07-31,73.88788604736328,74.73554004885563,72.20201157644132,74.33977117600368,91468000
2020-08-03,73.63016510009766,74.37353500496488,73.08194428652723,74.03934550111532,45482000
2020-08-04,73.16040802001953,74.14412465541517,72.70008194737242,73.82631690480552,37212000
2020-08-05,73.44792175292969,73.98968686206358,73.05711589231713,73.33520430169227,29134000
2020-08-06,74.73206329345703,74.79761308231619,73.09088631186657,73.30193223362062,33306000
2020-08-07,74.40531921386719,75.48387877720482,73.80446006410948,74.93516546369514,27718000
2020-08-10,74.3283462524414,74.84130303996274,73.36845981921181,74.029405602229,20546000
2020-08-11,73.5199203491211,75.00468242533746,73.40322491329817,74.18830688826631,31098000
2020-08-12,74.84578704833984,75.06577400656946,73.74140447899178,73.8466811916168,22512000
2020-08-13,75.31304931640625,76.32209621249444,74.89394289666885,74.89394289666885,22388000
2020-08-14,74.71617126464844,75.46898226110748,74.43659775064937,75.16209317896015,21942000
2020-08-17,75.29269409179688,75.66711817659517,74.73454723488275,75.27929014145775,19990000
2020-08-18,77.25616455078125,77.33511829663932,75.5623490795382,75.78332106518687,28378000
2020-08-19,76.70148468017578,77.90568079562073,76.47256428980408,77.09278306490951,30472000
2020-08-20,78.27264404296875,78.46730061837314,76.19745643732924,76.4710667502079,26382000
2020-08-21,78.23888397216797,79.04879629821302,77.58042340984966,78.05166813375689,34838000
2020-08-24,78.714599609375,79.88800981322825,78.21256140841734,79.07808990589221,25638000
2020-08-25,79.74250030517578,79.89295943983043,78.35357389746713,78.46381360890845,25150000
2020-08-26,81.64339447021484,82.07343472584033,79.50067940074841,79.76485618715283,52188000
2020-08-27,80.86824798583984,81.83507518777941,80.38606945778591,81.76654758378608,31350000
2020-08-28,81.41000366210938,81.50534674275372,80.72374261037626,80.91542137625561,22418000
2020-08-31,80.91839599609375,81.66176587955309,80.70983538327083,81.61558324793981,26422000
2020-09-01,82.18714141845703,82.39272421712538,80.91839579925374,81.04899528023,22652000
2020-09-02,85.28131103515625,85.71382904203695,82.4409008328624,82.82922141263586,49522000
2020-09-03,80.91740417480469,84.41775975388319,79.83486660961577,84.39392209014869,63726000
2020-09-04,78.5189437866211,81.1895197719061,76.37175074598551,79.89892171480436,55850000
2020-09-08,75.65816497802734,77.24471811416157,75.30559340492366,75.72768517280558,54032000
2020-09-09,76.83158874511719,77.40214695845613,75.73613970690933,76.91451290297617,39242000
2020-09-10,75.77983856201172,78.14403332463914,75.47941275782985,76.97807902829125,33024000
2020-09-11,75.26886749267578,76.40800631879937,74.13965471276924,75.88412323830671,30706000
2020-09-14,74.92472839355469,77.3167309902052,74.74000545183158,76.05791146519486,42660000
2020-09-15,76.230224609375,77.01829198977806,75.5836905116532,75.87120485456991,23042000
2020-09-16,75.08662414550781,77.18614209314343,75.06179387507046,76.59571660244501,22128000
2020-09-17,73.84269714355469,74.41971865207923,72.62211931019694,73.78161786394368,40008000
2020-09-18,72.05751037597656,74.24790839742937,71.09068317678832,73.90527037843776,63056000
2020-09-21,71.01719665527344,71.50979377027438,69.6536003098888,71.0906872863727,56908000
2020-09-22,72.49101257324219,72.6970954516438,70.98539825039516,72.01926781530388,33950000
2020-09-23,69.98678588867188,72.15632383261017,69.6535890139561,72.10716338954937,37726000
2020-09-24,70.65567779541016,71.40699611483514,69.62727125517097,69.65359421940595,34552000
2020-09-25,71.46014404296875,71.80178191544255,69.9018910321902,70.76444179627218,30326000
2020-09-28,72.43341827392578,73.14500968683816,71.81866263728527,73.09535672581238,30784000
2020-09-29,72.79889678955078,73.09584466392775,72.20200807293823,72.694120183098,31816000
2020-09-30,72.77804565429688,73.80098915091598,72.28941896718779,72.54663995974896,40924000
2020-10-01,73.8853988647461,74.24144839111797,73.33420025236212,73.67485304245847,32884000
2020-10-02,72.28147888183594,73.44495563029494,71.87180589137066,72.4815986101578,31222000
2020-10-05,73.6336441040039,73.7265018849997,72.5044313545936,72.6315529369491,21602000
2020-10-06,72.05403137207031,73.7175531505182,71.75559081415405,73.26964605680442,26096000
2020-10-07,72.4572525024414,72.94538662475436,71.17062485186818,72.46569342964418,36108000
2020-10-08,73.66343688964844,73.891857179053,72.77059285124541,72.77059285124541,26076000
2020-10-09,75.00518798828125,75.0747082019005,73.8407187273074,74.13171101982338,32966000
2020-10-12,77.69364166259766,78.87697791738763,75.94122471846515,76.3732501983166,55344000
2020-10-13,77.81678009033203,78.71508712820557,77.39767369347942,78.31037728461482,39072000
2020-10-14,77.63652801513672,78.65003789110749,76.76553645387474,78.19071202382867,33174000
2020-10-15,77.24075317382812,78.03179833233763,76.52866932334675,76.69601031632256,31210000
2020-10-16,77.84806823730469,78.34513577245167,77.34950800685696,77.55657591131721,34194000
2020-10-19,75.97349548339844,78.65401262927215,75.6244093541497,78.25675108360606,29734000
2020-10-20,77.02275848388672,78.1529637060246,75.5042327506913,75.63383961797923,41670000
2020-10-21,78.75630950927734,80.20383009011108,77.82026822454186,77.95483812956394,60322000
2020-10-22,79.78272247314453,80.11840464128612,78.3337169261627,78.70714079624807,30512000
2020-10-23,81.0897216796875,81.14633045232473,80.04343304769533,80.19936290074068,30548000
2020-10-26,78.67189025878906,80.92087457366932,77.85204435340098,80.19687183701743,35826000
2020-10-27,79.39640808105469,79.55133777045761,78.30940737765742,78.90231822989874,25902000
2020-10-28,75.0225601196289,77.15832688244774,74.90735737417214,76.96963351424793,45174000
2020-10-29,77.31078338623047,78.8928663291568,75.30809370967367,75.33143128379692,55406000
2020-10-30,80.25199127197266,83.49016299701641,79.52997371419903,82.80091654542893,99878000
2020-11-02,80.65967559814453,82.34405718716918,80.1591225920331,80.62094129246884,44228000
2020-11-03,81.71936798095703,82.38179892514135,80.05336078632573,80.97947599539556,31432000
2020-11-04,86.6945571899414,87.89527527985078,84.56673131281617,84.69484549165698,71342000
2020-11-05,87.5213623046875,88.97732390790966,86.45521397761841,87.91613860412481,39758000
2020-11-06,87.38380432128906,87.8193000919502,86.23919489785555,86.96717561402848,28622000
2020-11-09,87.46772003173828,90.22222032962502,87.27554876417429,89.18388779864829,53440000
2020-11-10,86.29084014892578,87.36642187641647,85.21823623503911,85.89606389807871,43022000
2020-11-11,86.76309204101562,87.54121828786089,86.55601653319594,86.82118593096598,31838000
2020-11-12,86.54409790039062,87.64450998714952,86.30325868083496,86.5033783796767,26474000
2020-11-13,88.00601196289062,88.24784377851638,86.20444222324774,86.80132339394905,29744000
2020-11-16,88.09391021728516,89.10245712996237,87.46325773434673,87.60279824360163,25468000
2020-11-17,87.47964477539062,88.24834505186563,87.37189034826642,87.78751889696511,21314000
2020-11-18,86.43584442138672,87.64550364770136,86.33305301374617,87.23036759862198,20108000
2020-11-19,87.32621002197266,87.57052716829506,85.9084901465647,86.06789033907135,20106000
2020-11-20,86.22429656982422,87.81234256924863,86.15576897220802,87.49652005750151,27694000
2020-11-23,85.78632354736328,86.70151257860655,84.92328035546011,86.4149908162109,22530000
2020-11-24,87.59088134765625,87.71899554089296,85.44716597999957,85.78334829165836,27984000
2020-11-25,87.60230255126953,87.91266199664649,86.81920565967509,87.78504789071293,19600000
2020-11-27,88.73894500732422,89.23502750159643,87.62264384392891,87.62264384392891,14790000
2020-11-30,87.11913299560547,88.40724583978081,86.7933768344479,88.17435503755391,32418000
2020-12-01,89.1530990600586,90.46207172577871,87.5476710184764,87.72793104126895,37350000
2020-12-02,90.62345123291016,91.00929403600527,88.64708471431886,89.15309328101881,29424000
2020-12-03,90.46803283691406,91.55999635366734,90.2276861454191,90.40347565496144,24728000
2020-12-04,90.56338500976562,90.8484140892729,90.05836139867917,90.38759548256864,20544000
2020-12-07,90.22917938232422,90.83797937404678,89.53446984443129,90.15568118177275,22288000
2020-12-08,89.94612884521484,90.17654191763987,88.95050099478975,89.80659591980766,19936000
2020-12-09,88.28410339355469,90.79230939430538,87.49653596857809,89.89797255827101,31728000
2020-12-10,87.77709197998047,88.14157486879887,86.08277656751567,87.5263191448489,28688000
2020-12-11,88.13213348388672,88.25677733118998,87.03669212873011,87.39720456707914,18628000
2020-12-14,87.01286315917969,88.87700490171588,86.85743340263497,87.92954487062023,33050000
2020-12-15,87.45084381103516,87.59583985286919,86.48699444327288,87.39025704522699,21352000
2020-12-16,87.25767517089844,87.84959334388638,86.8539654427043,87.84959334388638,24676000
2020-12-17,86.42938995361328,87.73042186459409,85.96460093493897,87.59237404777944,34880000
2020-12-18,85.71978759765625,86.81920715877509,85.16263328193209,86.71046011685708,85256000
2020-12-21,86.13392639160156,86.25509235125325,84.11981793066384,84.87113629069282,33974000
2020-12-22,85.42183685302734,86.03709256654695,84.70478234258736,85.87421449147438,20370000
2020-12-23,85.81959533691406,86.60815530253585,85.47050159575537,85.60607168641371,22974000
2020-12-24,86.11406707763672,86.52374001663743,85.62692551399726,85.85783111525326,9312000
2020-12-28,88.09042358398438,88.73795785846364,86.49443674465653,86.64787370341108,27650000
2020-12-29,87.2859878540039,88.81096960706013,87.1543957516824,88.7493978086226,19726000
2020-12-30,86.21784210205078,87.78255055222024,85.80816920576154,87.6454953550005,21026000
2020-12-31,87.03174591064453,87.27307766159485,86.20990711305191,86.26850867543338,21070000
2021-01-04,85.7153091430664,87.52084916759205,84.772312128226,87.39720550059997,37324000
2021-01-05,86.40655517578125,86.74323001175622,85.25698257400377,85.66367771378998,20360000
2021-01-06,85.55392456054688,86.60120576827877,84.22409958830787,84.43067500335674,46588000
2021-01-07,88.10929870605469,88.28210281965931,85.7465892651924,85.7465892651924,41936000
2021-01-08,89.2757568359375,89.3517327598918,87.4577901976101,88.24933551484223,35484000
2021-01-11,87.21298217773438,88.60786440316203,87.00690685691502,88.24238133150995,34796000
2021-01-12,86.27644348144531,87.78950631707407,85.23115504466647,86.67022716182484,29528000
2021-01-13,86.76409149169922,87.21796188202141,85.7744115724748,85.7744115724748,23432000
2021-01-14,85.95317077636719,87.77213007031222,85.71233156118241,86.8445221294171,29212000
2021-01-15,85.78929901123047,86.78244915170757,84.9992539543371,85.85881921797849,31444000
2021-01-19,88.61233520507812,89.5741993642567,86.04802079890773,86.5530367998629,41660000
2021-01-20,93.35958862304688,94.33535679156603,90.3523301990079,90.69297541443379,64152000
2021-01-21,93.56218719482422,95.94227110893598,93.32681109981424,94.03393956655104,58634000
2021-01-22,93.97980499267578,94.56725260357804,93.18230407695297,93.9251814346911,32744000
2021-01-25,94.0652084350586,95.43278250636287,92.3212402633923,94.98189003066598,50586000
2021-01-26,94.7440414428711,95.13136939895124,93.16394372149756,93.65356299193041,31462000
2021-01-27,90.32402801513672,93.37945448291312,89.24844618847803,93.10335885414129,82512000
2021-01-28,92.02529907226562,93.75287816841522,90.92290176921253,90.92290176921253,55278000
2021-01-29,90.74214172363281,91.74423292058923,89.4609846616316,91.07286091482506,44530000
2021-02-01,94.00514221191406,95.12094344819168,91.59774264388165,91.59774264388165,40252000
2021-02-02,95.29871368408203,96.80085020179051,94.66557593964733,95.00126570965045,66332000
2021-02-03,102.23886108398438,104.6095117961337,99.98788364514651,102.57305820901132,97882000
2021-02-04,101.9781494140625,102.7562756387138,101.05798980789827,102.32525035691263,48596000
2021-02-05,103.72608947753906,104.0791536293732,101.79789063853698,102.27261325937808,29866000
2021-02-08,103.5120620727539,105.02562491261692,102.46081806842983,104.28076232458417,28828000
2021-02-09,103.05870819091797,104.20678815094375,102.79105346439555,103.02940740880206,21892000
2021-02-10,103.6093978881836,104.22515373346634,101.90912676405608,103.44354198838178,25102000
2021-02-11,103.72211456298828,103.98281343588366,102.73442756709264,103.83384698116288,20480000
2021-02-12,104.03397369384766,104.25593827265304,102.96831791697292,103.27619962416891,18990000
2021-02-16,104.81210327148438,106.52230792742778,103.8710913957422,103.8710913957422,31004000
2021-02-17,105.20539093017578,105.3950844927026,103.7022617169391,103.98182767192168,20294000
2021-02-18,104.56925964355469,105.37272371246306,103.94953348187731,104.52904021959567,22546000
2021-02-19,103.72509765625,105.203404154816,103.45794305157632,104.66760224999184,37938000
2021-02-22,102.00942993164062,103.30400607637003,101.69857799261982,101.97665882533313,29466000
2021-02-23,102.30042266845703,102.91518589418928,98.82986020333311,100.0097261156716,34658000
2021-02-24,103.476806640625,103.70076399456218,100.68208679095231,100.80672307051088,22608000
2021-02-25,100.10704803466797,103.43658466161583,99.63728846063752,102.09235563455893,41548000
2021-02-26,100.40300750732422,102.12165310365899,99.3651674256296,100.80225428942666,40042000
2021-03-01,102.77415466308594,103.10040332291774,101.02422313651661,101.69857291071618,26060000
2021-03-02,102.51692962646484,104.01956628120942,102.1291091622479,102.53480408624813,25564000
2021-03-03,99.88159942626953,103.0884772115046,99.0170560718897,101.89471498400185,33892000
2021-03-04,100.9999008178711,103.0189723022075,99.58465876832166,100.05342577855534,49216000
2021-03-05,104.13526153564453,104.58863175555176,100.69449268365985,102.35156636872838,53100000
2021-03-08,99.68743896484375,104.96304865733514,99.57272873677378,103.489220368684,36868000
2021-03-09,101.3191909790039,102.48912326397398,101.08282227095005,101.78548025372508,33920000
2021-03-10,101.11212158203125,102.36398540325158,100.2748937042112,102.36398540325158,27100000
2021-03-11,104.30757904052734,104.84040311495322,102.11818127805286,102.20607603435747,27702000
2021-03-12,101.79788970947266,103.1689342706061,100.92491291554464,103.10934768667865,33818000
2021-03-15,102.01837921142578,102.04568720603763,100.69500984878918,101.54861957159491,26168000
2021-03-16,103.48078918457031,104.96008072594401,102.25921114107965,102.59191553889649,31900000
2021-03-17,103.39785766601562,104.23110756924204,101.50590779981324,102.71506692244664,26382000
2021-03-18,100.37471771240234,102.72897904790756,100.26745578805775,101.70752062059432,31700000
2021-03-19,100.65377807617188,101.15432355512716,99.46050826596426,100.79133336870827,46072000
2021-03-22,100.8390121459961,101.71546692085812,100.01022512699905,100.68706028204504,33536000
2021-03-23,101.36736297607422,102.49856099627006,100.70543206365292,101.29883536962339,28510000
2021-03-24,100.93037414550781,102.67185719163797,100.75507714736035,101.88528247451289,25218000
2021-03-25,100.9269027709961,101.58138535114085,99.12085484807301,100.75756896645461,35616000
2021-03-26,100.54305267333984,101.27102588193519,99.50619757196918,100.89363153792782,27978000
2021-03-29,101.58882904052734,101.75866292820697,99.5856468975078,100.4154264492917,26492000
2021-03-30,101.62260437011719,102.42705359401143,101.1101400271924,101.94587523975986,27312000
2021-03-31,102.41960144042969,103.59847472541622,101.64891595703786,102.01638423893236,42570000
2021-04-01,105.75956726074219,106.05602264817969,103.85520604605419,103.89592556687435,39880000
2021-04-05,110.18802642822266,110.68609422366168,106.52578506644159,106.62212075705683,48510000
2021-04-06,109.70632934570312,110.6369149862401,109.33539077930254,109.78876098014031,35240000
2021-04-07,111.18465423583984,111.45627935995104,109.89703385350786,109.89703385350786,24134000
2021-04-08,111.7507553100586,112.81144056335684,111.38229438569249,112.42460508643691,28664000
2021-04-09,112.75581359863281,112.91968428318657,111.09675457023529,111.50295716552093,26146000
2021-04-12,111.46223449707031,112.07152700708663,110.62798445173745,111.93397929114465,25024000
2021-04-13,111.94937133789062,112.39827866126174,111.38426865957148,111.7785524215588,25682000
2021-04-14,111.3276596069336,112.59492016611924,111.03518222254296,112.59492016611924,21002000
2021-04-15,113.47982025146484,114.01364453887427,111.78749754528548,112.3228069510781,29174000
2021-04-16,113.35566711425781,113.9262328802501,112.76821949375322,113.67794535392196,26282000
2021-04-19,113.70376586914062,114.41535723805603,112.73147563383928,112.73147563383928,30290000
2021-04-20,113.16995239257812,114.16260241434755,112.08295189776874,114.08761909590847,22288000
2021-04-21,113.1371841430664,113.21911569548593,111.47216193615608,112.82433942501434,23204000
2021-04-22,111.85453033447266,113.66007812886873,111.24870812550311,112.99069133887703,24146000
2021-04-23,114.20879364013672,114.51617525978173,112.28804305693671,112.5735722203721,29066000
2021-04-26,114.70537567138672,115.43037868593879,114.0791936523698,114.43672834760984,32038000
2021-04-27,113.76436614990234,115.12845498312689,113.52501204105906,115.08773546111213,44386000
2021-04-28,117.14405059814453,120.73627149792708,116.85504353918805,118.80558735314312,81106000
2021-04-29,118.8185043334961,119.38459964546344,117.87947760494473,118.64321489891414,41234000
2021-04-30,116.86894989013672,118.27673602019853,116.52432665812992,117.58997485630582,44856000
2021-05-03,116.35150146484375,118.26182566591008,115.97509977431051,117.43552408856827,28242000
2021-05-04,114.55142974853516,115.45320725454022,112.06110599855704,114.88512675108498,44818000
2021-05-05,114.9457015991211,115.95027040732884,114.62342337165293,115.633955384079,26636000
2021-05-06,116.06697845458984,116.06697845458984,113.86665436169554,114.52660004687345,25190000
2021-05-07,116.79097747802734,117.7503639113892,116.50445572255295,117.38488841676944,28898000
2021-05-10,113.80259704589844,115.75165577723939,113.44456228631331,115.60962996809558,30914000
2021-05-11,112.72551727294922,113.2330185640915,110.93089578077006,111.38526620724798,34186000
2021-05-12,109.2589340209961,111.62909207975932,108.92970751604966,110.5470545058614,46376000
2021-05-13,110.6885757446289,111.20501049695574,109.5802152495057,110.54357212276646,33204000
2021-05-14,113.138671875,113.453501809493,111.7293930700352,112.15347012836743,31996000
2021-05-17,113.66206359863281,113.70476832857226,112.00300454103483,112.4032439386327,21598000
2021-05-18,112.3486099243164,114.59363131394053,112.3347058838358,114.32895445397962,22204000
2021-05-19,112.79703521728516,112.97033944882926,110.50981640277661,110.65829036295091,23684000
2021-05-20,114.55738830566406,114.80815356114391,113.39391177615245,113.76535047048326,32352000
2021-05-21,113.92078399658203,115.15031052718385,113.68093736755063,115.07681231837596,40632000
2021-05-24,117.24337005615234,117.46731985082977,114.80617708661025,114.95167322808392,31832000
2021-05-25,117.33424377441406,118.38350267342507,116.9434378916011,117.78761405946807,22440000
2021-05-26,118.20025634765625,118.63128160358181,117.5124950673565,117.5154728809379,21572000
2021-05-27,117.32479095458984,118.63425602532648,117.00599063641597,118.63425602532648,35224000
2021-05-28,117.03529357910156,117.98970940408962,116.83666658294217,117.90777785188578,21482000
2021-06-01,118.24346923828125,118.46841921616031,116.90768099049576,117.90877961712468,23354000
2021-06-02,117.71759033203125,118.86219221155922,116.81232738781806,118.63922746306862,21158000
2021-06-03,116.57496643066406,117.04373341126214,115.67815198832696,116.48310125637171,18696000
2021-06-04,118.85872650146484,119.12985911934659,117.31139978493381,117.65205261546024,24458000
2021-06-07,119.29222106933594,119.4019682763619,118.23452137477915,118.65362780359852,24120000
2021-06-08,119.10054779052734,120.14732888330803,118.91880264907648,119.7744050682998,24240000
2021-06-09,119.57230377197266,119.81760592267354,119.02408294020918,119.74560799112477,17942000
2021-06-10,120.9224853515625,120.96569017106941,119.36572523374554,119.52164750239044,25904000
2021-06-11,120.67768096923828,121.24973189876641,120.11952650453333,121.16432243775947,21958000
2021-06-14,121.60677337646484,121.6072658902099,120.07185807853914,120.77997160978902,22098000
2021-06-15,120.58779907226562,121.93450591139118,120.22678650087968,121.6112350467546,21562000
2021-06-16,119.94522857666016,121.051103781599,118.65165259558208,120.73925165647537,26472000
2021-06-17,120.90957641601562,121.68323972485655,119.67459443294561,119.87074371139391,25842000
2021-06-18,119.28826141357422,120.77003827045989,119.19291832944006,120.53565476719979,46116000
2021-06-21,120.97810363769531,121.16431929234544,119.07721278021708,119.67509414601389,27414000
2021-06-22,121.4925537109375,121.56158140548996,120.23473424319909,120.91603228443775,22390000
2021-06-23,121.29045104980469,122.25231524209634,120.99995886509124,121.2571798519572,19148000
2021-06-24,121.66089630126953,122.21258746460555,121.46226929734574,121.8595233051933,21362000
2021-06-25,121.66932678222656,121.79297802960265,120.73229294694187,121.16431081080576,34594000
2021-06-28,121.69664001464844,121.94393492752164,120.57388307299288,121.83815814093862,28526000
2021-06-29,121.43495178222656,122.17832928237152,120.85743775374725,121.83022815163642,23108000
2021-06-30,121.25320434570312,121.41956032796028,120.5232383872112,121.15885387013645,24474000
2021-07-01,121.60578155517578,121.74729969788072,120.69903343613329,120.89120472356075,18110000
2021-07-02,124.39949798583984,124.54499411136423,122.21655601213538,122.30643597468982,25982000
2021-07-06,125.32562255859375,125.56199126890598,123.72912789938306,124.78782786126658,26404000
2021-07-07,125.60767364501953,126.41212285812817,125.28887328905228,126.2909644778478,24060000
2021-07-08,124.18746185302734,124.73518256604955,123.17246685935096,123.17643727760102,23790000
2021-07-09,124.65870666503906,124.87322289470882,123.69832771120652,124.16858735452517,18632000
2021-07-12,126.10574340820312,126.19910128355673,124.75058804003152,125.31370552891468,17668000
2021-07-13,126.46923065185547,127.18032198506866,125.80679967583957,126.16830475866163,19240000
2021-07-14,127.35860443115234,128.44064959860472,127.03831136321742,127.08151618622527,23742000
2021-07-15,126.13502502441406,127.818414131509,125.66328024495255,127.7677685685234,24218000
2021-07-16,126.10028076171875,126.93601597931935,125.28937581428032,126.78853463100182,20424000
2021-07-19,123.72465515136719,125.34050926099619,122.6589994645696,125.22579903110285,27968000
2021-07-20,125.34500122070312,126.17278808509361,123.49873373079045,124.66766595249139,26312000
2021-07-21,126.67532348632812,126.72199863796918,125.16026776461048,125.26951489713657,20746000
2021-07-22,127.54181671142578,127.60290356409935,126.62564273259673,126.96828072290918,14302000
2021-07-23,132.10386657714844,132.48523890184507,128.91139257324573,129.5370668627534,41506000
2021-07-26,133.11688232421875,133.31749453004386,131.3952513476987,132.4152245404215,30572000
2021-07-27,130.9965057373047,133.47839621773178,129.21281791360002,133.33091486736993,54710000
2021-07-28,135.16175842285156,137.34967091426967,134.35085358121734,135.37826743934247,95130000
2021-07-29,134.84744262695312,135.7248899473717,134.61455182333674,135.2173886380075,31716000
2021-07-30,133.8036346435547,134.3776782948477,133.3353677791156,134.11002362301198,25576000
2021-08-02,133.93077087402344,134.40946389978131,132.877534075771,134.19146975087898,21634000
2021-08-03,134.70095825195312,134.80224938250032,132.40628376383424,134.20933862806302,20762000
2021-08-04,134.19992065429688,134.72033341925697,133.5657902518696,134.42238532887288,19676000
2021-08-05,135.3181915283203,135.41602748559603,133.92231670480348,134.75110364771078,17870000
2021-08-06,134.80870056152344,135.53768146813212,134.28383249025302,135.11013410578906,20488000
2021-08-09,135.97515869140625,136.24431365244018,134.41243537983704,135.01131691269555,17760000
2021-08-10,135.86990356445312,136.82878994271528,135.4304297601133,136.40122739389997,19414000
2021-08-11,135.34552001953125,136.73939453465712,135.33806411914702,136.24183441816174,15352000
2021-08-12,136.25424194335938,136.35951864766164,134.49786220697922,135.04408266615167,16506000
2021-08-13,136.78408813476562,136.9122174832124,136.09435671368865,136.30986557995257,15948000
2021-08-16,137.36209106445312,137.41473699232492,134.37221455743094,136.5829646713406,22384000
2021-08-17,135.7253875732422,137.31840428534073,135.14985876148344,136.80643247596538,21716000
2021-08-18,134.52120971679688,136.16537221527594,134.39458063861548,135.56500550987712,19258000
2021-08-19,134.7506103515625,135.418504459747,133.33041285553048,133.51464330667287,21782000
2021-08-20,136.48812866210938,136.6117723361515,134.32355361302515,135.06841620237648,31194000
2021-08-23,139.08224487304688,139.9095315780669,136.66491163586002,137.0244315162413,28454000
2021-08-24,140.29388427734375,141.1067743975744,139.3772025716941,139.64832759063572,19268000
2021-08-25,141.1057891845703,141.2155364091785,140.40761680333262,140.65490418405014,15848000
2021-08-26,140.4716796875,141.4419773382257,140.38874036341645,140.77905376211845,20610000
2021-08-27,143.017578125,143.5225940785764,140.527747182565,140.6821843193361,28780000
2021-08-30,143.60006713867188,144.97061910433263,143.1754900221093,143.41086610714518,24434000
2021-08-31,143.70632934570312,144.17708151735482,143.29269360899076,144.15275891770565,22448000
2021-09-01,144.22079467773438,145.25217904174795,143.8910681023776,144.00677094284313,21936000
2021-09-02,142.3054962158203,144.52270192219225,142.2041899383726,144.22128354396716,32342000
2021-09-03,142.75489807128906,143.16754877804087,141.425065626574,142.10041556217422,19850000
2021-09-07,143.29220581054688,143.57475715594347,142.63523794111092,142.8492616821158,20124000
2021-09-08,142.7067413330078,143.4108844692113,142.020480234913,143.1129515291971,18344000
2021-09-09,142.55775451660156,143.3219842226303,142.1967495581043,142.85520247753615,15314000
2021-09-10,139.91102600097656,143.72720419740523,139.7739707968701,143.22465834616918,36840000
2021-09-13,141.35755920410156,141.9708221964238,140.28246983807614,140.9771718765766,22094000
2021-09-14,141.56808471679688,142.38098998687326,140.779032265316,142.01599943041023,19674000
2021-09-15,143.440185546875,143.4610378207638,140.3792960231764,141.79353785175581,27408000
2021-09-16,142.62628173828125,143.31155770924323,141.426063761718,142.9644492148849,26190000
2021-09-17,139.83555603027344,142.4673980896483,139.50781463441865,142.0507769006327,53384000
2021-09-20,137.76930236816406,138.04788331383995,135.38823315495145,137.21512586800515,46518000
2021-09-21,138.0806427001953,139.05244043758358,137.33080952468467,138.79222650353563,25332000
2021-09-22,139.32254028320312,139.92190662530854,137.6024099512342,138.34975769281522,25056000
2021-09-23,140.2487030029297,140.72591094990884,139.4397832505702,140.02176781696548,20952000
2021-09-24,141.24085998535156,141.3555778112194,139.280382350362,139.5758451576203,22984000
2021-09-27,140.1056671142578,140.96623246327235,139.1080465762654,139.83999766291203,21882000
2021-09-28,134.89959716796875,138.14371717178133,134.43281534888163,137.7052435287235,45772000
2021-09-29,133.43321228027344,136.2115507067214,132.94806347569877,136.04171680115297,30848000
2021-09-30,132.7603302001953,134.6140457457326,132.64115703529495,133.3418297784705,37996000
2021-10-01,135.60769653320312,135.9726870836677,133.15461451676552,133.52654572208218,35360000
2021-10-04,132.74395751953125,135.02919100762176,130.152335016585,135.02919100762176,51202000
2021-10-05,135.09127807617188,136.28455567628419,133.12285951893702,133.12285951893702,32404000
2021-10-06,136.62271118164062,136.80644154596658,133.62836390206846,133.82699091338657,24364000
2021-10-07,138.27134704589844,139.08275211863085,137.7012737211679,137.94062025981415,25110000
2021-10-08,138.8280029296875,139.3697529009224,138.26388525704718,138.62091984045634,26526000
2021-10-11,137.96246337890625,139.7481514962856,137.90783223964974,138.33788008148647,17954000
2021-10-12,135.5143585205078,138.55141053862306,134.83006747630324,138.52458748141476,36332000
2021-10-13,136.63958740234375,137.0547234459563,135.58386525595154,136.46131258241758,19654000
2021-10-14,140.1841278076172,140.36934326581917,137.87405672252987,138.51861318495054,31894000
2021-10-15,140.39964294433594,140.7472515493763,139.79085052606553,140.64446014785966,30274000
2021-10-18,141.7999725341797,141.81785456872805,140.1031796152732,140.11013542362718,20396000
2021-10-19,142.255859375,142.67845134559514,141.6232292235095,142.40532593908162,20164000
2021-10-20,140.79791259765625,142.56274856320022,140.40809931268066,142.35616555574433,23288000
2021-10-21,140.9141082763672,141.18226306865893,139.5376005482952,140.7979053406626,26292000
2021-10-22,136.62417602539062,139.62000797880754,135.12402479425157,138.19682527141742,50588000
2021-10-25,136.50552368164062,137.0547295671816,134.4963706145337,136.6078150016208,34412000
2021-10-26,138.35427856445312,139.12346388215457,137.3571578612177,138.30958862017152,49236000
2021-10-27,145.21592712402344,147.63175995262506,138.45009190052772,138.45009190052772,85782000
2021-10-28,144.84996032714844,146.1499996170041,143.6363306801379,146.1266620424721,36206000
2021-10-29,147.03192138671875,147.22657797948324,143.65868705793508,144.08424925630118,43320000
2021-11-01,142.51405334472656,147.0319042836874,142.24441345744162,147.0319042836874,46924000
2021-11-02,144.43630981445312,145.6047494341665,143.3468239373789,143.589155856485,33482000
2021-11-03,145.59384155273438,145.66435436896379,143.60058532417827,144.90110958293442,27494000
2021-11-04,147.2518768310547,148.7078381986551,145.30579615633354,146.1167009898018,38412000
2021-11-05,147.8323974609375,149.29778499356024,147.1818852970317,148.14771234223062,38354000
2021-11-08,148.01016235351562,149.58331179052777,147.41376612492647,148.79871470403364,23052000
2021-11-09,147.8984375,148.80816342631448,146.23639304016191,148.21078213972393,19530000
2021-11-10,144.89414978027344,147.0557547297235,143.54745049930153,146.48965185190764,29970000
2021-11-11,144.76800537109375,146.52490022179515,144.60314209474012,145.4860600290093,16518000
2021-11-12,147.65957641601562,147.83041049178345,144.41495647222519,145.61120416786628,22360000
2021-11-15,147.43511962890625,148.52510553842666,146.56412805215115,147.8805490402253,23508000
2021-11-16,146.86306762695312,147.7434851066345,146.30342052771164,147.13469271784953,18904000
2021-11-17,147.03289794921875,147.54188437232324,146.23143414004474,147.0135307938096,19594000
2021-11-18,148.81211853027344,149.54904025058778,146.87150849617186,147.2260577387579,35608000
2021-11-19,147.9063720703125,149.9324068330107,147.87906407861217,148.9481825616675,33682000
2021-11-22,145.29983520507812,148.80316824044044,145.14639825613384,148.30957862423654,30594000
2021-11-23,144.7834014892578,145.65539319292498,143.12782807825988,145.15186234817517,27218000
2021-11-24,145.1190948486328,145.24770912643848,143.38406747968642,144.47702364133363,18040000
2021-11-26,141.20907592773438,143.56730760150222,140.87090840018158,143.359739569914,30470000
2021-11-29,144.53363037109375,145.29537478702147,142.90783507857046,143.01361186652207,32596000
2021-11-30,140.92552185058594,144.99991343522885,140.6315442102793,144.01520427034993,42068000
2021-12-01,140.0853271484375,144.95077215345802,139.94678681424585,143.01363215793765,34020000
2021-12-02,141.9866943359375,142.8790382066656,139.25403140880442,140.2824454448621,29194000
2021-12-03,141.02882385253906,143.41089332697956,139.3399713287488,142.69682410009432,41230000
2021-12-06,142.17440795898438,142.86712473038352,139.189986920454,142.06069032750446,30618000
2021-12-07,146.26072692871094,146.52044078510028,144.23270692455046,144.59918260368823,32240000
2021-12-08,147.17144775390625,147.37654563981545,145.40315664150788,146.58549276228777,24270000
2021-12-09,146.62721252441406,148.07870362963027,146.10729983987582,146.58003728286783,23270000
2021-12-10,146.98768615722656,147.95699850309884,145.6990734169461,147.68140301317447,24458000
2021-12-13,144.82763671875,146.95644803822196,144.52074758444502,146.76923217899508,27070000
2021-12-14,142.92127990722656,143.49035309729783,140.24771792885136,142.98186668326792,38446000
2021-12-15,145.43788146972656,145.71596227271536,140.70750727401295,142.4266528071714,36370000
2021-12-16,143.45558166503906,146.66543763733537,142.6233092253354,146.16240684047588,33650000
2021-12-17,140.7541961669922,142.8492432769679,140.33210436708077,141.5238813900382,50416000
2021-12-20,140.6370086669922,140.80337222903077,138.36667189829006,139.0410217021847,27192000
2021-12-21,142.48971557617188,142.88349918350139,139.54005889355392,141.08042943619827,28756000
2021-12-22,145.41207885742188,145.49650329171536,142.0875201032057,142.0875201032057,26322000
2021-12-23,145.91014099121094,147.22804705597008,145.4488147669003,145.4964900938066,26384000
2021-12-27,146.89337158203125,147.3278748162573,146.1614203329688,146.2473298905451,15976000
2021-12-28,145.6822052001953,147.28316267642893,145.05404564217633,147.22059070433994,18200000
2021-12-29,145.6504364013672,146.40722543558255,144.64984548921163,145.64001026436924,17788000
2021-12-30,145.1990509033203,146.2910220535515,144.99446827390025,145.6891702663354,15688000
2021-12-31,143.85980224609375,145.69365075326593,143.85980224609375,145.04959428320663,18136000
2022-01-03,143.9983367919922,144.85194647168504,142.72859087802212,144.06139370644328,28646000
2022-01-04,143.410400390625,145.4816101983603,142.73208012573355,144.400065125975,28400000
2022-01-05,136.83123779296875,143.50967764101412,136.7448433188205,143.43072391178902,54618000
2022-01-06,136.803955078125,138.98144174621683,135.62310409438905,136.06009260812084,37348000
2022-01-07,136.07846069335938,137.50015849299731,134.83652283935174,137.1992250078914,29760000
2022-01-10,137.71961975097656,137.8686013556093,132.25233886282987,134.15272948085013,44408000
2022-01-11,138.77882385253906,139.25554684251247,135.7561836931482,137.06167849311132,28730000
2022-01-12,140.46170043945312,141.6311400459877,139.73074953971891,140.1831195548113,26108000
2022-01-13,137.63771057128906,141.871510304291,137.46092086663876,140.57047082946312,31436000
2022-01-14,138.52508544921875,139.77794951568995,136.06009199236166,136.14003076332514,29662000
2022-01-18,135.0664520263672,136.19218701307207,134.51079038865421,135.24224156457512,34872000
2022-01-19,134.1909637451172,137.01449172836578,134.09065764793374,135.58832360539645,28648000
2022-01-20,132.3943634033203,136.6832943570819,132.0537105865044,135.31671267129403,29908000
2022-01-21,129.4586181640625,133.94169047418686,129.19543397045766,131.68526524961257,55652000
2022-01-24,129.9080352783203,130.30430431689703,123.64721481373124,125.11508783429097,76622000
2022-01-25,126.06551361083984,128.5126400999818,125.63399580516415,127.85815753662722,46960000
2022-01-26,128.3477783203125,132.0889733339284,126.27109790890478,130.2208611272421,49130000
2022-01-27,128.12135314941406,131.74386020834598,128.0493400573882,130.4046015787616,31950000
2022-01-28,132.43756103515625,132.44303172603193,127.60489516569507,128.7708494185611,34362000
2022-01-31,134.37669372558594,134.54504250233154,131.3038928647385,133.24301799963737,39986000
2022-02-01,136.70114135742188,136.84912277440554,133.44808094636574,136.65198091536402,68644000
2022-02-02,146.98622131347656,150.50842187379808,144.52569849957,150.213959281509,123200000
2022-02-03,142.10984802246094,148.64974827603828,141.68825627852442,144.70744115071966,71518000
2022-02-04,142.3114776611328,143.88264207979043,139.55250639532534,142.46194440926502,57998000
2022-02-07,138.24749755859375,143.26190864808652,137.94854930203064,143.26190864808652,54974000
2022-02-08,138.44415283203125,139.04103406729655,136.07549495720775,138.0742067910711,54284000
2022-02-09,140.62210083007812,141.54822358083172,139.22672618566713,139.99791170532907,40144000
2022-02-10,137.6704559326172,140.51533620817344,137.0120030221674,138.74654529321856,39330000
2022-02-11,133.36268615722656,138.20329295411477,132.486223876279,137.6506167768868,39958000
2022-02-14,134.59765625,135.36635645883993,132.3437014572627,132.3437014572627,34302000
2022-02-15,135.67274475097656,137.1624698362155,134.89113311033765,136.62814552814626,26680000
2022-02-16,136.79452514648438,137.14013340541413,133.99979001083722,135.71049482174425,25022000
2022-02-17,131.63113403320312,136.17429301504373,131.571047355808,135.30975711120635,38950000
2022-02-18,129.50975036621094,133.15163912187222,129.30466766211782,132.55275761865371,45620000
2022-02-22,128.92428588867188,131.27506117312328,127.3451658551134,128.94860848642685,44990000
2022-02-23,126.71403503417969,131.146461476255,126.65394836077941,130.74672218976002,32786000
2022-02-24,131.78207397460938,132.0889630529401,124.09757963651286,124.09757963651286,54456000
2022-02-25,133.53846740722656,134.34490176287858,130.84900920998376,132.63718249004066,36406000
2022-02-28,134.13189697265625,134.8216284091714,131.68427023720545,132.13864070917086,38864000
2022-03-01,133.14320373535156,135.32217560220607,132.30599093468777,133.95460881419785,26496000
2022-03-02,133.6497039794922,134.3359650140929,132.1599788001748,133.7058202345684,23520000
2022-03-03,132.98231506347656,135.5049097951273,132.1142937033128,135.07834743813976,24604000
2022-03-04,131.0029296875,132.93461363828908,129.44467715412816,132.01694707381773,30430000
2022-03-07,125.5128173828125,130.83262443362335,125.42988565473446,130.58732230801365,45112000
2022-03-08,126.23384857177734,130.350952554109,124.81364360467389,125.38520198061914,40428000
2022-03-09,132.50608825683594,132.8194330626874,129.01069565399868,130.35095429762737,37026000
2022-03-10,131.5223846435547,132.35911244842734,130.01577753476292,130.36685648313625,27102000
2022-03-11,128.9809112548828,132.87902880681497,128.74354993397455,132.57412490739122,31526000
2022-03-14,125.08824157714844,129.5157047953753,124.41687721797516,129.35779732793398,38812000
2022-03-15,128.31300354003906,128.96501590992517,124.85932318871768,126.10622391621135,30920000
2022-03-16,132.36753845214844,132.41966913140075,127.85267308075287,129.83748807621538,35576000
2022-03-17,132.92221069335938,133.16205727305697,131.2795336415189,132.23693475136628,28264000
2022-03-18,135.19305419921875,135.3107422407677,131.35253849053151,132.51055184296035,44566000
2022-03-21,135.16921997070312,136.1112244178566,133.173978749984,135.23079176119532,26832000
2022-03-22,138.909912109375,140.08382229708803,135.1692175332458,135.1692175332458,35496000
2022-03-23,137.3283233642578,138.6323329542987,136.8908499613676,137.7524003944116,25154000
2022-03-24,140.60226440429688,140.6489395534487,136.80693829894508,138.24650294781864,26396000
2022-03-25,140.70254516601562,141.0620649838746,138.78030223496174,140.9438768596341,24126000
2022-03-28,140.486572265625,141.02982254949302,138.8538208684896,139.93536598981794,35050000
2022-03-29,141.52935791015625,142.80854493506988,141.06556149858096,141.67039869442453,34318000
2022-03-30,140.9662322998047,141.74287331835652,140.6300500454084,141.4841596757739,19884000
2022-03-31,138.11492919921875,141.13459942506373,138.07222446526833,141.07996828031875,37524000
2022-04-01,139.1904754638672,139.5087756948705,137.3600975929248,138.54443389331385,25942000
2022-04-04,141.9921875,142.72762428286737,139.34941898565788,139.39709432295234,25942000
2022-04-05,139.62796020507812,142.0110141406573,139.42089230191726,141.89035586746007,21418000
2022-04-06,135.6126708984375,138.40590569725433,134.5887272738365,137.79958340829674,32468000
2022-04-07,134.9576873779297,136.22494793186857,133.30805431972186,135.07834566419274,26234000
2022-04-08,132.37451171875,134.74068416097512,132.054711175335,134.6547746087494,25142000
2022-04-11,127.9410629272461,131.1876675478903,127.78712588678854,130.92051298141794,36884000
2022-04-12,126.83966827392578,130.69855860670543,125.9205088911911,130.69855860670543,32710000
2022-04-13,129.00424194335938,129.4412304311551,126.86598980577136,127.12321836007308,27928000
2022-04-14,125.86193084716797,129.58575166232626,125.73380907373294,129.58575166232626,31598000
2022-04-18,126.80194091796875,127.33426494363471,125.31767872057605,126.13007637850053,20808000
2022-04-19,129.1184539794922,129.44022454936223,126.12956257149347,126.8168237740638,26490000
2022-04-20,127.1629409790039,130.49894112574688,126.62664655558798,129.99541023177304,31696000
2022-04-21,123.95954132080078,129.20734344647272,123.673512070281,128.36466000936693,36446000
2022-04-22,118.81600952148438,124.54301206602497,118.11038133016164,124.1437652925247,56884000
2022-04-25,122.23095703125,122.43306193166998,117.69921703394614,118.28517197562043,46128000
2022-04-26,117.83726501464844,121.6708251413164,117.69921720652222,121.4568014084917,73054000
2022-04-27,113.51160430908203,116.43890897861922,111.9642776783268,113.68540104249192,91820000
2022-04-28,117.71063995361328,118.82991910256544,113.33332937298223,115.61757779171258,48884000
2022-04-29,113.3278579711914,117.11225750315006,113.03488051138018,115.93487697322128,42676000
2022-05-02,115.78443145751953,115.945816851696,111.82871246208478,112.62819868659021,35534000
2022-05-03,116.5302734375,117.63068544527395,115.23967536784316,115.63295892784193,24968000
2022-05-04,121.42353820800781,122.01297109395705,114.32747578407296,116.22985941768594,49916000
2022-05-05,115.70745086669922,120.20989755476226,114.21772570249654,119.38061812261219,45840000
2022-05-06,114.95365142822266,116.76615498990255,113.23451331524208,114.39550456228451,39710000
2022-05-09,111.74031829833984,114.28874346683119,111.23331708562353,112.47425468443095,40802000
2022-05-10,113.61141204833984,115.45370897495468,112.12714988528167,114.71629465970669,39900000
2022-05-11,112.82433319091797,115.56741475011088,112.46084292776307,112.46084292776307,37534000
2022-05-12,112.07102966308594,113.5120868563292,109.07221226169113,110.61457573394516,53836000
2022-05-13,115.25557708740234,117.06758067088552,112.82683262018276,113.74846982950024,35038000
2022-05-16,113.66106414794922,115.37424657396184,113.10937301955866,114.16806533985789,25990000
2022-05-17,115.67517852783203,116.09925558724196,114.08316196839625,116.0401615158737,23054000
2022-05-18,111.13301086425781,114.60953671958168,110.79136543123056,114.21227511679197,35126000
2022-05-19,109.62789154052734,112.2359033534811,109.24651920632846,110.66821695459474,34144000
2022-05-20,108.16199493408203,111.41506331912538,105.07181220746052,111.18415014796633,48962000
2022-05-23,110.72432708740234,111.37930975737493,107.99614188533646,108.836847701739,37184000
2022-05-24,105.24413299560547,105.72928937706624,101.18661505076277,105.047491186243,76780000
2022-05-25,105.08024597167969,105.77048498374647,103.14509143797545,104.26635571159798,40258000
2022-05-26,107.05413818359375,107.90526250642102,104.5042203882763,104.95312769995195,37948000
2022-05-27,111.54713439941406,111.54862709471192,108.39090217487676,108.73304763769123,37914000
2022-05-31,112.98274993896484,114.94223478737628,111.31077945637375,111.9742030382361,50012000
2022-06-01,113.11186218261719,116.29938093828167,112.47426144415896,114.06827086743932,36606000
2022-06-02,116.81680297851562,117.0919059988239,112.17283789402013,113.21911892677547,37992000
2022-06-03,113.75640869140625,115.5247147902425,112.7409135990989,115.26748624103267,26136000
2022-06-06,116.02029418945312,118.52948481957034,115.36828939248328,115.90508386814868,33542000
2022-06-07,116.3470458984375,116.88484060449989,114.26391732011818,114.6894795083408,31590000
2022-06-08,116.3912353515625,117.75830946134262,115.80130242266203,115.9616951970942,26108000
2022-06-09,114.04889678955078,117.48867330795103,113.98980271889602,115.53067360236983,25798000
2022-06-10,110.40006256103516,112.50305836640055,109.6100098970209,111.67477148150725,41452000
2022-06-13,105.66373443603516,108.04629624886985,105.3921093112375,106.05503282631635,47252000
2022-06-14,105.9845199584961,107.18523818559247,105.07529410324224,105.80526010580438,33706000
2022-06-15,109.01263427734375,110.66026699950997,106.93198347818276,107.8014823825955,39698000
2022-06-16,105.30718994140625,107.904275532212,104.41782377620616,106.48655577638867,51684000
2022-06-17,106.40958404541016,107.95492543163547,104.32644797510493,105.30718677609678,51376000
2022-06-21,110.7799301147461,111.71895671846308,107.85609606673559,108.18333731746245,47416000
2022-06-22,110.72383880615234,112.57009865011098,109.6264044729377,109.79921618859777,30774000
2022-06-23,111.47315216064453,111.9702273097303,109.74358796129896,111.46272602416786,28362000
2022-06-24,117.16688537597656,117.27017686925784,112.17878974433779,112.22100195891159,41164000
2022-06-27,115.0400619506836,117.76724687603271,114.39053484024392,117.46285065793593,36420000
2022-06-28,111.24027252197266,116.50595690725594,111.08186494127733,115.00927577339843,35792000
2022-06-29,110.93636322021484,112.3853689488812,110.11303936843558,110.78788927074342,24716000
2022-06-30,108.21661376953125,110.12843077767293,106.0187751041556,109.24651298788866,43170000
2022-07-01,107.99266815185547,108.50165457610703,105.99941202989662,107.19367448668028,35476000
2022-07-05,112.48716735839844,112.60038490089782,105.00725515042267,106.36688099642751,39342000
2022-07-06,113.78719329833984,114.79772535634902,110.71239988316604,112.52589598936854,37432000
2022-07-07,117.96935272216797,118.37307002049975,114.04691270803878,114.29172234358994,40936000
2022-07-08,118.53593444824219,118.86516090029848,116.10072707885404,116.4468429615578,38238000
2022-07-11,114.88414001464844,117.18974092087866,114.54050937124147,117.18974092087866,31196000
2022-07-12,113.2394790649414,116.172746938359,112.91124517680676,115.41894329267954,29960000
2022-07-13,110.59075164794922,113.41377989157871,110.43979239256281,110.93586740386377,43722000
2022-07-14,109.61149597167969,110.33202838278505,107.63065884898506,109.45557370657367,37004000
2022-07-15,111.01183319091797,112.36550334245979,110.14034911864573,111.23331281907532,46770000
2022-07-18,108.28314971923828,112.90129900896424,107.62767462041498,111.86842203835955,43164600
2022-07-19,113.0304183959961,113.2389790223901,108.80953017450513,110.090694802755,36530900
2022-07-20,113.11980438232422,114.60952961762138,111.7095329780885,112.39480143387381,35600400
2022-07-21,113.5567855834961,113.76535378483867,110.34891481197837,113.49719899861788,32676200
2022-07-22,107.16090393066406,111.57048549483595,105.77049218927488,110.23966791558226,48901200
2022-07-25,106.77357482910156,109.11740979105046,105.571864055946,107.66741148020654,34690900
2022-07-26,104.30062103271484,106.46568857174864,103.35713146074687,105.86980002223551,47991000
2022-07-27,112.28556060791016,113.12974435029821,107.27015658073803,108.51159434644423,59858500
2022-07-28,113.43761444091797,113.5567876128041,110.69651783051911,111.6002881287064,32816600
2022-07-29,115.52322387695312,115.91055182503115,112.2855523018916,112.30541954786877,37223400
2022-08-01,114.07322692871094,115.92048681539644,113.55678460709224,114.51021541975226,26034300
2022-08-02,114.34137725830078,115.55302168772738,112.94103944751733,113.21912028499861,20236000
2022-08-03,117.27116394042969,117.807465895975,114.68897523298226,114.91739550950311,28499000
2022-08-04,117.38042449951172,117.96637948017171,116.08932620935268,116.67528876714736,21602900
2022-08-05,116.66535186767578,117.30096737131531,115.20541990311378,115.43384777651602,19159500
2022-08-08,116.49651336669922,119.32698972388245,116.07938455316629,117.57904337218183,19138300
2022-08-09,115.83110809326172,116.51638417366392,114.91741170414872,116.33761682995618,19086500
2022-08-10,118.88005828857422,120.09170256532413,117.59890138834766,117.96636205851591,30930400
2022-08-11,118.02594757080078,120.6577967023562,117.74786677087195,120.44923610240957,24293700
2022-08-12,120.84651947021484,120.84651947021484,118.6417247622205,119.43624797168806,19096300
2022-08-15,121.24376678466797,121.46226102037568,119.78383491619735,120.30026963748777,19494800
2022-08-16,120.86637878417969,121.59138177896516,119.81364197530544,120.6876114414336,19041200
2022-08-17,118.7311019897461,120.45918110770077,118.56226070771955,119.29719726513474,22847000
2022-08-18,119.34685516357422,119.99240429519782,117.90679043522003,118.61192615288643,17987700
2022-08-19,116.4071273803711,118.33384108294739,115.96021284676502,118.24445362994561,21809500
2022-08-22,113.45746612548828,114.83794416833236,113.0701381898491,114.4108893191489,21456600
2022-08-23,113.080078125,114.22220232746935,112.65302325197702,112.70268379096306,15870400
2022-08-24,112.91123962402344,113.99376961834115,112.096856828301,112.72253867644604,17734600
2022-08-25,115.85096740722656,115.92048761517785,113.32836509749748,113.45747189022575,16956800
2022-08-26,109.58419036865234,114.33145473006633,109.43522389908544,113.93419313124014,37245700
2022-08-29,108.67048645019531,110.1900049513534,108.05473821304507,109.236581726649,21191200
2022-08-30,108.19377899169922,109.74309078993296,107.0615884349693,109.41534942426527,27513300
2022-08-31,107.47870635986328,110.09068842730832,107.38931890965122,109.89206143571225,28627000
2022-09-01,108.98829650878906,109.69343221359867,106.62460185419623,107.53829818348746,28360900
2022-09-02,107.11123657226562,109.98143974980776,106.52528165136928,109.83246571965539,24160700
2022-09-06,106.07836151123047,107.2900058656168,105.05541810364878,106.56501052381782,25068300
2022-09-07,108.70027923583984,109.22665517213872,106.16775093808137,106.32665101955834,23167000
2022-09-08,107.63761138916016,108.84925579418162,106.4259745612731,107.29994397248697,24238300
2022-09-09,109.8920669555664,110.22973437366748,108.27322734192177,108.32288788088225,23197700
2022-09-12,110.10063171386719,110.85542798702407,109.17700172532125,110.22973851202329,22966800
2022-09-13,103.60541534423828,107.55815596993659,103.37698749343896,107.0615809332834,38172900
2022-09-14,104.28076171875,104.55884253765855,102.94994420622076,103.85370686767357,26395100
2022-09-15,102.20509338378906,104.54892094593508,101.64892410483661,103.31741678742414,34188300
2022-09-16,102.09584045410156,102.42357425141003,100.24858053268528,101.370837496437,42797200
2022-09-19,102.3639907836914,102.62221195722044,100.85440581403213,101.05303282312543,23036800
2022-09-20,100.44720458984375,101.66878259642567,99.8314487750522,101.38076814646514,26517100
2022-09-21,98.59994506835938,102.17528407076615,98.59001144532336,100.97357330597262,31487300
2022-09-22,99.45406341552734,100.546527152985,98.11331212059591,98.14310541515117,34298600
2022-09-23,98.06363677978516,98.97734061202718,96.80233951209595,98.94753974483413,31625400
2022-09-26,97.49754333496094,99.19582909385643,97.13008264794297,97.42802313116289,27072700
2022-09-27,96.8321304321289,99.31500557141426,96.20644862479709,98.74891034274255,30072800
2022-09-28,99.36467742919922,100.010218977276,96.44481350795311,96.98111550841472,32466300
2022-09-29,96.752685546875,97.9643299391156,95.302687240842,97.9643299391156,31047200
2022-09-30,94.99481201171875,98.22254995330734,94.90542455938035,96.38522371736838,32941500
2022-10-03,97.96432495117188,98.6098740295779,95.85884401799443,96.09720549678472,27982000
2022-10-04,100.94377899169922,101.14240598760246,99.692407701533,99.75200186201134,28850800
2022-10-05,100.73522186279297,101.23179694688893,98.1232396482166,99.14618310911277,22176900
2022-10-06,100.72528076171875,102.2249395259523,99.90096436480401,99.99035181341513,22324000
2022-10-07,98.00405883789062,99.84138513244945,97.6266645019863,99.16604271542337,27502800
2022-10-10,97.18966674804688,98.42117071694531,96.34549070144016,98.321857225074,18225100
2022-10-11,96.51432800292969,98.57014842775828,95.65028467937152,96.76261553045553,26507100
2022-10-12,96.8917236328125,98.07357470456819,96.07734083455361,96.63351005621553,21876400
2022-10-13,98.3814468383789,99.09651612531559,93.73350405042449,94.49823387339498,34574500
2022-10-14,95.89857482910156,100.0002897453495,95.70988145547351,99.30508010298726,25410700
2022-10-17,99.28520965576172,100.23863277477102,98.15301922836733,98.18281251690928,28419200
2022-10-18,100.0797348022461,102.76124468709659,99.28521924820954,102.42356970435209,24060700
2022-10-19,98.94754028320312,100.32801829577426,98.24240463180688,99.32494216503058,23811100
2022-10-20,99.28520965576172,101.61911070952617,98.70918082017275,99.31500294430367,25323200
2022-10-21,100.4372787475586,100.61604608975759,97.05064044668319,97.17974724716336,32458700
2022-10-24,101.8177490234375,102.04617688958683,99.29515433560225,101.10268728739813,27176400
2022-10-25,103.76433563232422,104.10200306135481,102.01638916879352,102.19515650684933,40611400
2022-10-26,94.27974700927734,97.63659189413852,94.0413930873747,95.76947228115439,88114100
2022-10-27,91.58831024169922,94.77632139039405,91.17118898720857,93.87255109519647,60710900
2022-10-28,95.63042449951172,95.88864564835471,91.49891642655986,91.63795683505978,43697300
2022-10-31,93.86262512207031,95.37221005350747,93.3362567418793,94.766387840837,31675000
2022-11-01,89.85029602050781,95.37220847515945,89.75098252011932,94.79617956491805,47161400
2022-11-02,86.374267578125,90.55542869485429,86.2848801267709,90.31707478646692,57038300
2022-11-03,82.85851287841797,85.92734304048008,82.76912542959708,85.72871605197531,61288000
2022-11-04,85.9869384765625,86.04652505857264,83.13659492864404,84.81502104184743,51124900
2022-11-07,87.88385772705078,88.29105293982344,86.2550920302293,86.68214691275777,34078900
2022-11-08,88.29105377197266,89.7013252290992,86.99002186523454,88.29105377197266,30429000
2022-11-09,86.72187042236328,88.82735145908663,86.68214350727783,87.84412735927378,31769100
2022-11-10,93.29652404785156,93.74343856788602,90.98248246585224,91.61809793205568,51620100
2022-11-11,95.7496109008789,96.26604565196418,93.27666153820596,94.04139140730278,33090500
2022-11-14,95.04446411132812,96.12700168973441,93.86262061279506,94.43864192776208,30179500
2022-11-15,97.76570129394531,99.45405348533612,96.04754823383983,97.58693396732818,41640800
2022-11-16,98.17288970947266,98.95747922841689,96.97117895072545,97.22940010842291,29105200
2022-11-17,97.68624114990234,98.59993739259637,96.12699584853813,96.3057631635986,26052600
2022-11-18,96.76261901855469,98.2225509453757,95.70988228857895,98.09343657704217,28342300
2022-11-21,94.94515991210938,97.72598357054807,94.70680597991417,96.62358621558475,21647400
2022-11-22,96.3852310180664,96.55406473544099,93.40578038476772,95.29275972414906,23438500
2022-11-23,97.78555297851562,98.08350102426172,96.42493468273773,96.42493468273773,18868100
2022-11-25,96.79241180419922,97.96432927332067,96.73282522043966,97.56706770161041,9701400
2022-11-28,95.39207458496094,96.9115930964902,94.95508609589683,96.37529110822086,26237500
2022-11-29,94.53797149658203,95.46160150065352,93.46536744466647,95.07427352253981,20061700
2022-11-30,100.29823303222656,100.34789357132563,93.77323675188165,94.17049833327081,43647500
2022-12-01,100.29823303222656,101.54960436160536,99.563304031794,100.32802632483222,28687100
2022-12-02,99.75200653076172,100.07974033162778,98.22255434389345,98.37152838636051,21480700
2022-12-05,98.798583984375,100.68556327887788,98.32186856044572,98.71913015086434,24405100
2022-12-06,96.31570434570312,99.09652020396926,95.75953511234248,98.6198123778136,24910700
2022-12-07,94.28968811035156,96.21639446232557,94.071193840807,95.74962020491283,31045400
2022-12-08,93.0680923461914,94.92528570876573,92.80987120585085,94.72665114806772,32213300
2022-12-09,92.19412994384766,93.61433495682455,92.11467611359325,93.12768592936698,28225400
2022-12-12,92.67083740234375,92.91912493805006,90.98248519039448,92.07494883207544,29420000
2022-12-13,94.97494506835938,98.8482321260313,94.3790565003639,97.09035971387452,40593700
2022-12-14,94.41879272460938,96.20646618198963,92.95886066393801,94.54789952764546,28733600
2022-12-15,90.23762512207031,92.99858138446136,89.39344899234517,92.49207267577248,40107000
2022-12-16,89.64173889160156,90.70440929917321,88.90680229037655,90.13831399003944,58011800
2022-12-19,87.83419799804688,89.93967137816473,87.6057701392111,89.64173089197104,29493000
2022-12-20,88.41023254394531,88.56914022208971,86.84106089651254,87.50646975018819,23453800
2022-12-21,88.96639251708984,89.60200800878793,87.71502120281298,88.46981744062983,24745600
2022-12-22,87.15885925292969,87.93351515729785,85.72872061278274,87.55612082820765,27658300
2022-12-23,88.61878967285156,88.93659741222335,86.47358174924135,86.5133086638046,23003000
2022-12-27,86.79138946533203,88.33077520142463,86.4139951427837,88.19173478905765,20097300
2022-12-28,85.43077087402344,87.43693838041416,85.35132462222182,86.38420166698455,19523200
2022-12-29,87.8441162109375,88.24137773424111,86.01672381172752,86.02665743352178,23333500
2022-12-30,87.6256332397461,87.69515344094961,85.97700050101459,86.38419566315923,23986300
2023-01-03,88.5095443725586,90.4263244711382,87.91364821898763,88.97631857972549,28131200
2023-01-04,87.4766616821289,90.02905710848832,86.67220495736261,89.73110905085134,34854800
2023-01-05,85.60953521728516,86.97015357614328,85.31159473485968,86.87084008200145,27194400
2023-01-06,86.74172973632812,87.0893383476196,84.2787216281847,86.19550170469084,41381500
2023-01-09,87.41706848144531,89.4331695495465,87.25816840553064,87.75474345560666,29003900
2023-01-10,87.81433868408203,88.06262623356912,85.24208330842042,85.39105735353961,30467800
2023-01-11,90.89309692382812,90.97255075305516,88.40029554318691,88.56912924744373,26862000
2023-01-12,90.50576782226562,91.24070436753142,89.13522338270101,90.85337642641241,30258100
2023-01-13,91.4889907836914,91.55851098824732,89.51261661092427,90.22768590186173,26329200
2023-01-17,90.66468048095703,91.6181037407099,89.43317638425138,91.42940278257716,32602400
2023-01-18,90.49584197998047,92.1643344905254,90.0191265867673,91.50885177199906,29116700
2023-01-19,92.4126205444336,92.96878218001514,90.00919152538334,90.09857897517838,37000400
2023-01-20,97.34857177734375,97.62666017673301,94.36912140666584,94.44857523506278,63191100
2023-01-23,99.10645294189453,99.35474047579733,96.83213822208886,97.2790527522602,40005100
2023-01-24,97.03076171875,98.92768204637555,96.53418666885439,97.42802327409328,33078500
2023-01-25,94.56776428222656,95.5013279050371,93.11776588375292,94.91536534057045,42330000
2023-01-26,96.85198974609375,96.90165027955179,94.7266492407871,95.83898002689847,30114000
2023-01-27,98.68932342529297,99.63281294412907,96.6434291650943,96.6434291650943,33879800
2023-01-30,96.2759780883789,97.61672927716072,95.73967609743931,96.8122800793185,27226200
2023-01-31,98.16294860839844,98.20267552018197,96.15678881469911,96.20644934871194,29870700
2023-02-01,99.74207305908203,100.49686931883123,96.91159655644073,98.03385353408179,35531100
2023-02-02,107.00199127197266,107.11123839079693,104.88658425472231,105.07528520126132,69883800
2023-02-03,104.06227111816406,107.07151484914603,101.87734382713276,102.22494486291488,65309300
2023-02-06,102.19515228271484,103.64515059717341,101.1821348832258,101.69857720610024,31999600
2023-02-07,106.90267944335938,107.43898142309807,102.413644187333,102.51295768495851,49010200
2023-02-08,98.68932342529297,102.43349578854317,97.36843203721557,101.3509658685551,94743500
2023-02-09,94.35920715332031,99.34481806271576,92.98865496216061,99.31502476762708,119455000
2023-02-10,93.92221069335938,96.08727835366426,93.60440294400885,94.79618010978967,54980700
2023-02-13,93.9619369506836,94.54789190623137,93.19720708667369,94.0910437433125,50076100
2023-02-14,94.03145599365234,94.20028969972182,91.62803446223668,93.78316845750277,54726100
2023-02-15,96.2759780883789,96.4547454186921,93.50508825709151,93.84275567149737,50169000
2023-02-16,94.85576629638672,97.01090015224685,94.09103649131777,94.7167258913076,42462600
2023-02-17,93.7037124633789,94.90542320133379,92.571521930855,94.20028752420988,34284100
2023-02-21,91.16124725341797,92.46227144068472,91.09172705052129,92.36295794756572,33629300
2023-02-22,91.02220916748047,91.4790573091785,89.98933214302377,91.07186212673855,30884000
2023-02-23,90.26741790771484,91.31022861201542,89.14516094882144,91.29036136551639,41206400
2023-02-24,88.51947021484375,89.27426645106479,87.9732421781732,88.82735191404939,36585100
2023-02-27,89.25440979003906,89.54242425273972,88.72803382757155,89.25440979003906,27502300
2023-02-28,89.44310760498047,90.60509913680653,88.70817855378289,88.71811217771574,30142000
2023-03-01,89.74105834960938,90.40646720714943,89.05578224361832,89.36366397752738,31111200
2023-03-02,91.36981201171875,91.64789283593468,88.97631656003954,89.0458443432277,32204400
2023-03-03,93.00850677490234,93.08796060004295,91.81672212919472,91.8465229964728,35160100
2023-03-06,94.47837829589844,95.31262842606304,93.35612126799852,93.37598093858426,32639300
2023-03-07,93.21707916259766,95.01467861504145,92.88933777532736,94.32941012372648,27835500
2023-03-08,93.60440063476562,95.30268646381667,93.3561130999254,93.47529384441702,34103300
2023-03-09,91.6876220703125,94.87563316082465,91.2705008234345,93.40577517359714,28813500
2023-03-10,90.00919342041016,92.15440133504755,89.78077313404465,91.53864552759404,35941000
2023-03-13,90.48590850830078,91.93590678175909,88.80748237211967,89.47289113745587,37335600
2023-03-14,93.3263168334961,93.7136447693308,91.806798381047,91.92597154460599,36050200
2023-03-15,95.45166778564453,96.26605065899415,92.00543532668166,92.58146426998951,50622100
2023-03-16,99.63282775878906,100.49687116053911,94.84584409797657,95.54104620710785,65492000
2023-03-17,100.92391967773438,102.13555648041809,99.41432722588,99.57323488486855,61028500
2023-03-20,100.52666473388672,101.05303312899842,99.18591347561197,99.43420102629747,32960400
2023-03-21,104.20130920410156,104.38007652952844,100.52665677571322,100.55645006709534,42110300
2023-03-22,102.66193389892578,105.8598710222932,102.62220698360557,103.55576297366062,43427400
2023-03-23,104.87664794921875,105.5718575582382,103.74445745321431,104.34034599156392,40797800
2023-03-24,104.71775817871094,104.76741114179761,103.12871181724563,104.27083604812334,30393300
2023-03-27,101.7581558227539,104.0424040271739,101.23178749509955,103.90336362277968,31120900
2023-03-28,100.33795928955078,101.74823069594882,99.05679467597474,101.7383046499017,32057900
2023-03-29,100.69550323486328,101.78796699436612,99.9605741715083,101.57940635113572,28779600
2023-03-30,100.19891357421875,100.46706834599645,99.09651635054152,100.21878081953102,33086200
2023-03-31,103.01947021484375,103.1783703015433,100.34789383942677,100.60611500458978,36863400
2023-04-03,103.64515686035156,103.81399057809075,101.23180153908238,101.68864972791862,25035400
2023-04-04,104.002685546875,104.85679528719108,103.32734313772123,103.6153575922124,24420100
2023-04-05,103.75439453125,105.37322650348958,102.9499453565425,105.05541876730959,28290500
2023-04-06,107.67733764648438,108.42220026038169,103.6153571623888,104.53898710670686,48711500
2023-04-10,105.71089935302734,106.8530159093923,104.39994152058645,106.24720131772598,27067400
2023-04-11,104.62837219238281,105.99892431955422,103.9629633760187,105.82015698023338,26311800
2023-04-12,103.92322540283203,106.018772710828,103.62527734328293,105.84993901307934,24370300
2023-04-13,106.69412231445312,106.75370889955026,105.11500961516911,105.11500961516911,24843600
2023-04-14,108.12425994873047,108.19378015639614,106.10815877215703,106.15781931069009,26578000
2023-04-17,105.24413299560547,105.43283396741354,103.80406058968742,103.94310859537526,37571200
2023-04-18,103.7841796875,105.8102066882632,103.35712486512638,105.76054615516696,26596400
2023-04-19,103.46638488769531,104.26090805358163,102.36398759416694,102.87049630184782,20905700
2023-04-20,104.56878662109375,105.52220991435789,103.1585151400448,103.19824205773932,27820800
2023-04-21,104.6879653930664,105.27392036941873,104.0622759226367,104.74755197991318,25800100
2023-04-24,105.24413299560547,105.89960821919207,103.98282793741743,104.76741754261379,23542800
2023-04-25,103.13864135742188,105.95919171793508,103.12870773434398,105.10508198445909,46664100
2023-04-26,102.99959564208984,105.62151129178214,101.92699171890646,104.20130635010432,53347600
2023-04-27,106.85301208496094,107.62767550211079,102.83075885938467,103.73452148035895,50089200
2023-04-28,106.60472869873047,106.61466232138405,104.37014096111682,106.30678821332904,36139800
2023-05-01,106.46569061279297,107.2502801225946,106.0882962921976,106.10815596080403,26681700
2023-05-02,104.59857177734375,106.46569130091618,102.99959945592909,106.4061047175776,30997200
2023-05-03,104.6879653930664,106.75371203414588,104.24104326031167,104.80713856675996,21795400
2023-05-04,103.97289276123047,104.8766554674694,103.25782343309649,104.76740834360812,23419500
2023-05-05,104.84687042236328,105.15474457175311,103.39687198275944,104.10200774315436,26639300
2023-05-08,107.03178405761719,107.22048500326504,104.43966924058789,104.45952890885576,26511400
2023-05-09,106.61466217041016,109.39548549302289,106.45576209384788,107.64753918803392,36360100
2023-05-10,110.9845199584961,112.16637096260268,107.19068700662434,107.2304139185501,63153400
2023-05-11,115.77152252197266,117.11227382299782,113.62632195575938,114.60953856622652,78900000
2023-05-12,116.705078125,117.22151287736642,115.31466637721192,115.88076166873074,41102300
2023-05-15,115.71192932128906,117.66843638362967,115.21535423245682,115.31466773479636,36266800
2023-05-16,118.69137573242188,119.92287978836107,115.63247147293116,115.69205805683869,45035600
2023-05-17,120.01226806640625,120.83658456146485,118.07562818248286,118.79069754797297,33323600
2023-05-18,121.98863983154297,122.46534768023274,120.00233944868812,120.12151262229324,35234200
2023-05-19,121.91912078857422,125.10713202432453,121.31329855983212,122.7037103565703,41353400
2023-05-22,124.19342041015625,125.56396479141199,121.89923857520877,122.0978731372896,35253000
2023-05-23,121.72047424316406,123.77629465403467,121.37287322241473,123.30952047024783,34046300
2023-05-24,120.07186126708984,121.07494509546325,119.03898414491616,120.29035552447165,34182600
2023-05-25,122.63418579101562,124.46157845882605,121.12459329600016,123.66705529543533,42317000
2023-05-26,123.75643157958984,124.40198064443256,121.61122377835261,122.32629304543168,35635900
2023-05-30,122.8228759765625,124.79925021039784,121.16431706152757,124.7793829644057,35076700
2023-05-31,122.02835845947266,123.210201954541,121.66089018583695,121.90917771682845,37325800
2023-06-01,122.87254333496094,123.56774544059134,121.7800796359126,121.97870664405423,30772700
2023-06-02,123.8160171508789,125.28588258536075,122.91225452916805,123.14067480159811,26980100
2023-06-05,125.1468505859375,126.55712195859554,122.99170903517506,123.16055031668364,32305500
2023-06-06,126.43795013427734,127.41123309167713,124.50131026598763,125.14685941446244,26638300
2023-06-07,121.66089630126953,128.15609177061813,121.28350196296054,126.10027879089003,52539000
2023-06-08,121.30335998535156,122.38589760029983,120.40952332556272,121.39274743989765,29389200
2023-06-09,121.39274597167969,122.91226448637528,121.07493822728019,121.41260564070839,23778300
2023-06-12,122.79307556152344,123.20027073226454,120.82664264189053,121.94889950704935,28306400
2023-06-13,122.98178100585938,124.30267248212147,122.33623191333673,124.1239051576865,22278300
2023-06-14,122.8228759765625,123.20027787907088,120.61808145375716,122.25678069993417,30592300
2023-06-15,124.23313903808594,124.60060729299288,121.56157049323058,122.2964994259107,35246300
2023-06-16,122.68383026123047,125.24615932981803,122.43554273699836,125.06739200928554,45535600
2023-06-20,122.25678253173828,123.7167144715317,121.30335929245436,122.08794882394656,26097500
2023-06-21,119.72425842285156,121.81980592970349,119.27733629111745,121.56158475873276,30306300
2023-06-22,122.30644226074219,122.39582213705168,118.01603392379701,119.17801777862638,26952200
2023-06-23,121.50198364257812,121.94890574873948,120.23075268459189,120.54856042408845,34913600
2023-06-26,117.52937316894531,121.16430598553549,117.45985296859634,119.93280204629629,33969900
2023-06-27,117.51945495605469,118.26431754249225,115.30472686510802,116.27801731199209,39535900
2023-06-28,119.35678100585938,119.56534162054723,116.04958930766475,116.28794321343172,27091400
2023-06-29,118.28417205810547,119.23759521795598,117.48965654679691,118.42321246201281,24090900
2023-06-30,118.88005828857422,120.25061021079527,118.87013224358246,119.34684002572871,29532200
2023-07-03,119.07868957519531,119.36670399185192,118.00608572912242,118.42320692132853,14467900
2023-07-05,120.9160385131836,121.77014830310253,118.41330330869808,118.42322935529762,27584800
2023-07-06,119.28726196289062,119.47596291107514,117.58897616063236,118.97938784922883,24745200
2023-07-07,118.66156768798828,120.22081291583581,118.58211386790008,119.27731585083848,21709500
2023-07-10,115.65233612060547,117.49959607260462,115.34446198765048,117.48967002628223,35315200
2023-07-11,116.33760070800781,116.90369595511098,114.55986114114224,115.49342464859208,23078800
2023-07-12,118.11534881591797,119.5057605551569,117.59891406672692,117.98624202290381,30404400
2023-07-13,123.68692779541016,123.97494226494403,119.62493950517667,120.10165493888594,44297900
2023-07-14,124.5608901977539,125.91157501012879,122.64411010204061,123.94514195311505,33283100
2023-07-17,123.79617309570312,126.2293880381479,123.34925096248992,125.07733775416551,25716200
2023-07-18,122.91226196289062,123.82595826213851,122.11773882963688,123.7465044333863,26193600
2023-07-19,121.19410705566406,124.32253142648887,120.96568677290944,123.74650254253834,37224000
2023-07-20,118.38348388671875,123.239987064331,117.41020107304092,120.58827822789411,37906800
2023-07-21,119.19786071777344,120.16121743861468,117.91670387434668,119.79375678473772,72937900
2023-07-24,120.6975326538086,122.15746453991983,120.15130463507315,120.8266470185418,29686100
2023-07-25,121.37287902832031,122.3064425948192,120.19102792410442,120.52870291550938,52509600
2023-07-26,128.384521484375,130.08279971943918,127.44103189219841,129.1790446188331,61682100
2023-07-27,128.5136260986328,132.32733427349476,127.90780388799678,130.76808123057597,44952100
2023-07-28,131.67184448242188,132.82390225649658,129.67561820048323,129.8841712389039,36591200
2023-07-31,131.81088256835938,132.61533172518926,130.87731904908145,131.82080861382926,28055500
2023-08-01,130.64891052246094,131.72151454614948,129.78485955227697,129.88418063298246,23166800
2023-08-02,127.50061798095703,129.19889620943687,126.68622760387115,128.5632807351884,26273300
2023-08-03,127.57012939453125,128.50369292843845,126.54718598719074,127.09342158195221,20089500
2023-08-04,127.23246765136719,130.60917213492286,127.03384065014664,128.39445152048964,26147200
2023-08-07,130.6290283203125,130.70848214492673,128.13622708439468,128.2752674889027,22746300
2023-08-08,130.49990844726562,130.60915555721093,128.65264877726932,129.72525263284138,23535200
2023-08-09,128.7718505859375,131.1355376104998,128.11636785754888,130.75815086279874,24912900
2023-08-10,128.8016357421875,131.14547052700968,128.56327426848324,130.42047521494374,20857800
2023-08-11,128.67251586914062,129.0399765320376,127.2920379292445,127.77868690101995,19591100
2023-08-14,130.43040466308594,130.4701239992725,128.07664377163357,128.5036910412777,24695600
2023-08-15,128.89102172851562,130.51978732378583,128.3944466671007,130.20198716469977,19770700
2023-08-16,127.81842041015625,129.3875994550616,126.99411154985026,127.81842041015625,25216100
2023-08-17,129.03005981445312,131.08588780571418,128.40437039897924,128.91088665122683,33446300
2023-08-18,126.5869140625,128.3646536960574,125.51431010865518,127.6297171477929,30504800
2023-08-21,127.49067687988281,127.84821153156675,125.69307757573549,126.30883338188762,25248700
2023-08-22,128.19581604003906,129.38759312280365,127.4410274236173,127.62971321202188,22054900
2023-08-23,131.46327209472656,132.49615667103,128.98039687858824,129.28827098070656,27819700
2023-08-24,128.89102172851562,133.3304039899065,128.68246868911157,133.0324559222039,28500700
2023-08-25,128.9903564453125,129.8643183409359,126.37836649664419,128.65267385059113,26762900
2023-08-28,130.1125946044922,131.63211310890395,129.24855883060624,130.41054267784654,20543300
2023-08-29,133.6482391357422,135.63453967615524,131.33419718764853,131.33419718764853,43075600
2023-08-30,134.94923400878906,135.3464879681579,133.15163483810414,133.85676288912396,28315800
2023-08-31,135.2372589111328,137.05472556870842,134.8598569913601,135.07835124446333,30053800
2023-09-01,134.73074340820312,136.51841658197364,133.9262942685733,136.51841658197364,21543700
2023-09-05,134.8400115966797,135.48555318747054,133.65816039280637,134.51227020074484,19403100
2023-09-06,133.53897094726562,135.59478380227105,132.7543738711037,135.08828269985364,18684500
2023-09-07,134.33348083496094,134.65129614991582,132.03930646435293,132.67492193999442,18844300
2023-09-08,135.44581604003906,135.7238968568323,133.92629759318024,133.98588417474053,23558300
2023-09-11,135.98211669921875,136.53827835845289,134.85985218052008,135.60471479290905,20763400
2023-09-12,134.41293334960938,135.9324518179946,134.26396689359834,135.32662963976946,18405500
2023-09-13,135.7735595703125,135.96224536352338,133.231082533579,134.1646460710429,20749500
2023-09-14,137.15402221679688,137.74990312925547,135.30676259506888,136.65744721261478,24751000
2023-09-15,136.45883178710938,137.57117031901896,135.5451354191522,137.03486072317858,38919600
2023-09-18,137.26329040527344,138.2067800272706,135.6742440861328,135.6742440861328,21861300
2023-09-19,137.0944366455078,137.46191249681675,135.6841652859194,136.4786884171114,20353700
2023-09-20,132.82391357421875,137.1341818172231,132.70472524498294,137.1341818172231,29927500
2023-09-21,129.54649353027344,131.32422543245892,129.17903286515659,130.53964356941475,31503900
2023-09-22,129.35780334472656,131.12560934891957,128.71226182736228,129.86430445123077,26397300
2023-09-25,130.2119140625,130.27150064557682,128.0766473461499,128.94068310930032,20094600
2023-09-26,127.6893081665039,129.46704007370224,126.34854954817568,128.88108518598065,25718700
2023-09-27,129.6458282470703,130.00336294677095,127.6893361771831,127.6893361771831,22746500
2023-09-28,131.4036865234375,132.38691057211608,128.9009440431534,128.9506045787111,22513100
2023-09-29,129.963623046875,133.13177429920455,129.46704799551972,132.36704447692242,30859800
2023-10-02,133.25096130371094,133.49924885517964,130.27151068608651,130.31124518071243,22288000
2023-10-03,131.5228729248047,133.34033959843973,130.9369179473362,133.0225394165618,22989400
2023-10-04,134.31362915039062,134.64137051208016,131.6221856279351,131.880399206417,26752300
2023-10-05,134.14479064941406,134.56191187093788,132.53587719008763,134.14479064941406,19832600
2023-10-06,136.63758850097656,137.2136173603073,133.0920354756824,133.0920354756824,27597600
2023-10-09,137.4718475341797,137.98828987637378,134.68109792388904,136.00198949560956,19278100
2023-10-10,137.1143035888672,138.76293643045838,136.3893082421022,137.55129206777264,27786600
2023-10-11,139.5872344970703,140.14339606826877,137.6307277992189,137.6307277992189,25884300
2023-10-12,138.01808166503906,140.25266956903684,137.3129383696769,140.08383585702484,24765500
2023-10-13,136.4191131591797,139.04102910178543,135.68417654981894,138.42528082227236,23420500
2023-10-16,138.14718627929688,138.67355462493762,137.04478905169177,137.22354879733518,28501900
2023-10-17,138.76295471191406,138.94171448359813,136.24034458016837,137.6804245719955,23515800
2023-10-18,137.01499938964844,139.75608830865576,136.4389704924277,138.4947833931161,23375000
2023-10-19,136.8064422607422,138.70336281042037,136.43898153017037,137.55130492277888,26066000
2023-10-20,134.67115783691406,136.92559762296315,134.15471554856344,136.38930324394852,26335700
2023-10-23,135.56500244140625,136.7170603116326,133.0324663979107,134.11499648001524,26317900
2023-10-24,137.8591766357422,138.40541227579737,136.47869846593147,136.88589368436072,44814300
2023-10-25,124.74959564208984,127.43109811714302,124.21329363165228,127.28213165074476,84366200
2023-10-26,121.4424057006836,123.47836664919942,120.43932187331096,122.42562228078602,57061100
2023-10-27,121.3331527709961,122.4653433429545,119.38657937399506,122.03828847268005,44566500
2023-10-30,123.60746765136719,124.54103122378429,121.90918179187298,122.36602995491228,28940100
2023-10-31,123.23007202148438,124.51123661998803,121.84959392373723,124.20335492205861,26292300
2023-11-01,125.58384704589844,125.62357396545967,122.87255108577632,123.22015216051825,30082400
2023-11-02,126.6167221069336,128.09651384446602,126.06056039664168,127.5403521341741,27124600
2023-11-03,128.2156982421875,128.64274555866953,126.9841865255831,127.1430941962939,26393100
2023-11-06,129.35780334472656,129.44718321865057,127.78862433400963,128.16602622960193,19052700
2023-11-07,130.0728759765625,131.00643953950896,128.99034595326017,129.8146623938561,29757300
2023-11-08,130.93690490722656,131.30438074733325,129.88416823105302,130.0728691738139,26425800
2023-11-09,129.34788513183594,131.64205962708724,129.17905141944397,131.05610465685587,23747800
2023-11-10,131.68177795410156,131.89034615855235,128.52356767433983,129.2088437191894,26913300
2023-11-13,131.18519592285156,131.68177098364296,130.35095345774636,130.8773218098438,18324800
2023-11-14,132.70472717285156,134.7704814431392,132.4067942311074,133.27083007070482,32395200
2023-11-15,133.69786071777344,134.10505589307232,132.65506524316734,133.94614824111162,23861500
2023-11-16,135.9920654296875,136.28008750757928,133.39995765428856,134.26399357942154,28013200
2023-11-17,134.38314819335938,135.12801082704152,132.73451526045164,135.06842424103002,37240600
2023-11-20,135.31671142578125,135.72390663480266,132.70472161458173,132.774249400923,27815500
2023-11-21,136.0317840576172,136.2403371131516,135.02870781151344,135.35643404163898,22635300
2023-11-22,137.5413818359375,138.4650042826892,136.52836435057273,136.52836435057273,17813900
2023-11-24,135.7537078857422,137.18384664712832,135.05850575292112,137.0845255620382,12514300
2023-11-27,135.4756317138672,137.47185829728923,135.06843646690527,135.09822976260782,23436500
2023-11-28,136.26019287109375,136.30985340774254,134.49238687712713,135.14786959064773,18730000
2023-11-29,134.06533813476562,137.3427213579803,133.916356526449,136.6276672242787,23967200
2023-11-30,131.62217712402344,134.62149456857514,130.38073954068037,134.12491953523792,38988300
2023-12-01,130.95677185058594,131.20505937380074,129.77492081540063,130.95677185058594,31442300
2023-12-04,128.384521484375,129.1393101272626,127.02390307918412,128.9903436695441,36669900
2023-12-05,130.09275817871094,131.23487491745817,127.37152100730603,128.06672315933784,27384800
2023-12-06,129.12939453125,130.93692003300382,128.99035410803816,130.53966601076132,23576200
2023-12-07,135.9920654296875,137.61090529334692,133.7773444692806,134.11501193953129,56767100
2023-12-08,134.06533813476562,135.46566826562713,133.1119073660502,133.2807410653947,32260100
2023-12-11,132.3769989013672,132.4266594480025,130.46022606626704,131.47324363139734,31138000
2023-12-12,131.6122589111328,132.08896672831054,130.3608800539224,130.90711565395327,29032800
2023-12-13,131.66192626953125,132.5855486603067,130.66877609230048,132.4663754884051,30104800
2023-12-14,131.03622436523438,132.80403030049175,128.8016366786629,132.46636290932295,38722400
2023-12-15,131.69171142578125,132.59546651397721,130.28142492549298,130.71841340115773,50847100
2023-12-18,134.86978149414062,136.21052498571453,131.5228554792147,131.72149761509291,32258000
2023-12-19,135.71397399902344,136.52836446846126,135.1478862434252,135.9026749689795,25476800
2023-12-20,137.3923797607422,140.72936466802966,137.12424014761805,138.01806916656724,49107200
2023-12-21,139.4581298828125,139.72628464273828,138.22661835043792,138.53450759923203,27488300
2023-12-22,140.5208282470703,141.01740335058128,139.74617229793478,139.80575888567296,26532200
2023-12-26,140.5506134033203,141.7026560595198,140.22287203546634,140.62012603356706,16780300
2023-12-27,139.4084930419922,141.10678660446538,138.9317851744244,140.6201375358573,19628600
2023-12-28,139.26942443847656,140.17319460263687,138.79271666735764,139.81565998573097,16045700
2023-12-29,138.733154296875,139.3985631144452,137.8293839750218,138.6735677093716,18733000
2024-01-02,137.2235565185547,138.49478751777463,135.54513031454442,137.60095843072804,23711200
2024-01-03,137.96841430664062,138.67355756715372,136.14102170359678,136.3098554072648,24212100
2024-01-04,135.45574951171875,138.20677969396053,135.41603017325698,137.47184312113336,27137700
2024-01-05,134.80027770996094,136.22049043209554,134.22424875277005,135.8132951970394,22513900
2024-01-08,137.8889617919922,138.05779549726947,135.32663261243945,135.35642590429612,21404000
2024-01-09,139.9844970703125,140.5208065858233,137.20367388846037,137.5512824690421,24759600
2024-01-10,141.305419921875,142.02048933225316,139.9448088944221,140.03418878215172,21320200
2024-01-11,141.10679626464844,144.22528759654676,139.67665740976778,142.50714182290835,24008700
2024-01-12,141.6728515625,142.2190871323883,140.8485503393483,141.69271880711432,18785500
2024-01-16,141.51397705078125,143.36123702369463,140.48109235933,141.0273279986293,22670500
2024-01-17,140.50094604492188,140.86840673304152,137.94854301050196,140.38177288213018,20968600
2024-01-18,142.4971923828125,143.22220297005774,141.01740822196385,141.07699481176041,25746400
2024-01-19,145.37733459472656,145.44684723016536,143.39103414732446,143.74856883402762,34271900
2024-01-22,144.99000549316406,147.37355994991844,144.84102386819836,146.09240283912362,32200400
2024-01-23,146.03280639648438,146.17184682560335,144.50336167617556,144.89068966831204,21636100
2024-01-24,147.68142700195312,148.8235587881105,147.08554599350785,147.5225193379935,25233500
2024-01-25,150.8297119140625,152.00163699834405,148.5156701926149,149.0420537261972,29149100
2024-01-26,151.14752197265625,151.49511542850038,149.9755969292419,150.06499195893298,26115500
2024-01-29,152.45846557617188,152.72662034492586,150.3927115607608,151.01840096976417,27784300
2024-01-30,150.4225311279297,152.56772397377597,150.15437633934806,151.7533487161558,36331800
2024-01-31,139.1403350830078,143.01361441161524,138.91189964891637,142.63621252421888,71910000
2024-02-01,140.19308471679688,142.08006401958028,139.8256088409139,141.14650041457003,40466500
2024-02-02,141.4047088623047,141.64305517539495,135.5649817233193,138.30607040372718,62499600
2024-02-05,142.69581604003906,144.47356341654853,141.801986905598,141.84172140070675,38505400
2024-02-06,143.11293029785156,144.3642939230755,142.2091601025006,143.65915070969015,29128200
2024-02-07,144.5430450439453,144.62249886284854,142.9440729299003,143.7683892524717,25208900
2024-02-08,144.91053771972656,145.32765895182595,144.10608854680143,144.83108389157408,22563800
2024-02-09,147.9793701171875,148.4163586012769,145.17867946239727,145.6752545299046,26829500
2024-02-12,146.51943969726562,148.3170390352505,146.3605320370219,147.403342720252,21564100
2024-02-13,144.1457977294922,145.66531609448003,142.70573318705974,143.92730350603156,27837700
2024-02-14,144.94033813476562,145.5163670514816,143.10300425982211,145.0793785522992,22704200
2024-02-15,141.79205322265625,142.53691584599866,139.49787876744466,142.15951393413914,37590700
2024-02-16,139.55747985839844,142.20918925460697,139.1800779073113,142.0105622319239,31468900
2024-02-20,140.15335083007812,141.1067816862522,138.53452631527114,138.70336003010283,25144700
2024-02-21,141.57354736328125,141.7125877687313,139.71634640315906,140.4810762102682,23223300
2024-02-22,143.10299682617188,144.00676707032724,141.8218398421828,143.9372392880377,27191900
2024-02-23,142.97390747070312,143.68896166282684,142.44752393009878,142.68588543031947,19493800
2024-02-26,136.62767028808594,141.46430655871978,136.44889538495062,141.16635848967314,53641800
2024-02-27,137.92869567871094,138.29615637950963,136.1509484496325,137.07458595594144,33099200
2024-02-28,135.44581604003906,137.06464040474236,134.48245922676676,136.95539328712587,37328600
2024-02-29,137.51156616210938,137.9088201307194,135.4656642763921,136.3396411924551,42133000
2024-03-01,136.20059204101562,137.9187373186,135.9820978260319,137.4817488886325,31151100
2024-03-04,132.4365692138672,134.73074347371,131.00643067415544,134.73074347371,55999400
2024-03-05,131.76123046875,132.32733333640527,129.77493014030705,130.97664850689333,40194800
2024-03-06,130.49990844726562,132.6649834022908,129.95368805180595,132.20812771862853,35318600
2024-03-07,133.4595184326172,134.01568007704142,130.70848834758843,131.88039821915834,37738200
2024-03-08,134.4824676513672,137.1441028229162,133.08212227990484,133.29069048269943,39370400
2024-03-11,136.7269744873047,138.14718703170163,135.1975299783761,135.1975299783761,32437800
2024-03-12,137.55130004882812,138.42527705734926,136.09136807062538,136.09136807062538,27563400
2024-03-13,138.83242797851562,140.12352597353157,138.03792012398208,138.04784616817068,23347200
2024-03-14,142.11978149414062,142.60641533113196,139.49786590784714,140.22286121787153,42753400
2024-03-15,140.21292114257812,142.19922130430962,139.07080461128953,141.52388652336936,49475400
2024-03-18,146.6684112548828,151.10779377020597,146.16191011880434,147.59204880216603,69273700
2024-03-19,146.02285766601562,147.7707963825931,145.0793681039668,147.14512212588627,24070400
2024-03-20,147.7211456298828,147.84031878791893,145.73484550652196,146.98620912870308,21311500
2024-03-21,146.58897399902344,149.33998911224745,145.89375674311398,148.44616000360566,24755600
2024-03-22,149.73724365234375,150.54169280238673,147.959496500819,148.09853690756384,29211800
2024-03-25,149.04205322265625,149.3499273505425,146.8074653411052,148.91293885124503,19229300
2024-03-26,149.63792419433594,151.2170292210166,148.95264819861129,149.1910096788579,22149100
2024-03-27,149.8365478515625,150.60127765702768,147.88004097990625,150.1444219519495,22879200
2024-03-28,149.89614868164062,150.39272376928287,149.14136000396124,149.8167100033746,24485400
2024-04-01,154.4249267578125,154.67321430251357,149.57834903588156,149.6578028686982,31730800
2024-04-02,153.5012664794922,153.6403068777637,151.10777126599905,152.44852987054117,24586000
2024-04-03,153.8588104248047,154.01771807653932,151.68380929877364,152.54786018366337,24705000
2024-04-04,149.49888610839844,153.7098480658943,149.41943228041532,152.4485431723482,34724700
2024-04-05,151.4553985595703,152.36909488318793,148.57526917325976,149.00231646564103,23459200
2024-04-08,153.789306640625,154.20642788470977,151.56464485123763,151.73347855806227,20702000
2024-04-09,155.5272979736328,157.47386351117316,154.12695281939418,155.02078176867565,31079500
2024-04-10,155.07046508789062,155.5372468745642,153.6204591891085,155.13999287301036,22838600
2024-04-11,158.31808471679688,158.58622437276043,155.38829451519794,155.835209096074,27166400
2024-04-12,156.64955139160156,159.12250044398445,156.063596505678,156.87798681161945,25353700
2024-04-15,153.79925537109375,158.1492585148577,153.53110054810628,157.77185655319172,27136500
2024-04-16,153.34237670898438,154.5838143933326,152.3790198535887,153.1338236644043,20779500
2024-04-17,154.40504455566406,156.0040167948363,153.52114158831216,154.55401100634845,21763100
2024-04-18,154.9413604736328,155.86499805909074,153.56088227305054,154.27595164428578,19883000
2024-04-19,153.03451538085938,155.288970647292,151.2567831361415,155.13006297338708,32615600
2024-04-22,155.20948791503906,156.56017258323456,153.00469360145132,153.25298111285292,26446200
2024-04-23,157.1759490966797,157.8810924240559,155.2095158950794,155.88486592805785,21151600
2024-04-24,158.04000854492188,158.47699709180742,156.09342733268733,156.41124269561158,22779100
2024-04-25,154.931396484375,155.41804542886808,149.83653225061985,150.2933879081303,57109700
2024-04-26,170.77218627929688,173.51329072938805,168.48793762231108,173.17560811958387,64665300
2024-04-29,165.01190185546875,168.38862167278765,164.07835338468118,167.9019726128003,45610000
2024-04-30,161.66497802734375,166.94854402823327,161.48621827680026,164.4755947325024,33562900
2024-05-01,162.73757934570312,165.9752432828852,161.97284950974932,163.174567823391,33493200
2024-05-02,165.47866821289062,165.58791533230615,162.76737262737393,163.66120167403318,24294500
2024-05-03,166.0944366455078,166.8095059662969,161.93313508971997,166.41223681348706,34662400
2024-05-06,166.9485626220703,166.9882819640809,164.89273433624226,166.31294707001013,21871300
2024-05-07,170.07693481445312,170.58343585091947,167.23652525313307,167.34577235757868,28039700
2024-05-08,168.2197723388672,168.98448702093918,167.58415686761862,167.84237044353367,19569100
2024-05-09,168.79580688476562,169.5208022541753,167.02798566826758,168.22970402279228,15346700
2024-05-10,167.4947509765625,168.68654316784418,165.05161032382293,166.87900279086293,29799900
2024-05-13,167.98141479492188,168.12045520894833,162.87662365956714,163.13483724153954,31327600
2024-05-14,169.17320251464844,170.0769728394624,167.64375786472982,168.60711477724234,25127100
2024-05-15,171.32833862304688,171.4673790473729,169.34203818737842,169.4612265184219,26948400
2024-05-16,172.98687744140625,173.9204409616944,171.50709348859317,172.1029744570571,27867900
2024-05-17,174.85400390625,175.06257209479978,172.50024302231847,172.9868768718215,24479300
2024-05-20,175.7081298828125,177.545463796925,174.8738873598263,174.9831344869509,22554400
2024-05-21,176.6317596435547,176.92969256413505,174.60572485799662,175.68825488082155,16989400
2024-05-22,175.17181396484375,175.93652860666225,174.00983020298898,175.4300275271668,17880000
2024-05-23,172.3612060546875,177.02900857965074,171.7653099220249,175.85709871415395,21024900
2024-05-24,173.79136657714844,174.5660225547883,172.46053373352476,173.78142537597992,16579400
2024-05-28,175.19168090820312,176.0557318461207,173.1755873101766,173.2550411409201,20572200
2024-05-29,174.69508361816406,175.62864706785572,173.52317386081788,174.22830189331825,23388700
2024-05-30,170.9310760498047,174.01977367898226,170.6132607219414,173.99990643242356,22931500
2024-05-31,171.31838989257812,171.8745515162422,168.27935305307957,170.6827744434952,37638900
2024-06-03,171.9838104248047,173.33449524100553,169.9875840699293,171.35812097814537,27459100
2024-06-04,172.5995635986328,172.6591653391861,170.71258431304562,172.09306246094846,26879600
2024-06-05,174.20846557617188,175.43996202192773,172.73859249264606,173.99989738382425,22068500
2024-06-06,175.51942443847656,175.93654568931473,174.54614151985416,174.69510798291464,23251000
2024-06-07,173.2649688720703,176.65159911291653,173.10606122293635,175.83722393107305,19661400
2024-06-10,174.0106964111328,176.0489940505707,171.77354379577315,173.97093148461332,23726700
2024-06-11,175.61148071289062,175.83022570889565,172.77776354554194,175.213770813787,21540600
2024-06-12,176.77481079101562,179.3798608836739,175.1044108888481,177.2321908623203,27864700
2024-06-13,174.15985107421875,175.73083119433963,173.88145107031502,175.1044235997251,20913300
2024-06-14,175.78053283691406,176.04899540088178,173.1556076882918,173.2252152748125,18063600
2024-06-17,176.22796630859375,177.34156626154072,173.81183370223593,174.45813130980525,19618500
2024-06-18,174.09022521972656,176.3770951589655,173.10588787052086,176.1285226693017,21869900
2024-06-20,175.29331970214844,176.27765703426607,173.99080230638756,174.36862216738828,20160100
2024-06-21,178.60430908203125,179.81734403821838,175.60154917641552,175.98932165115332,57759000
2024-06-24,178.19664001464844,179.85710235428542,177.6497775263464,179.1312749634446,18298000
2024-06-25,182.9791717529297,183.23768166890378,178.39549464018754,178.59434958875684,23130200
2024-06-26,182.83004760742188,183.45643998230676,181.4380325230597,181.58718512405983,19839000
2024-06-27,184.351318359375,184.98766337259178,182.9692558226232,183.128330697181,18848900
2024-06-28,181.1099090576172,184.07290404421764,180.92100671054675,183.2675316089203,29156600
2024-07-01,181.9451141357422,182.83003153925785,180.26476177845004,181.98487905618407,16006100
2024-07-02,184.18228149414062,184.51039900838427,180.52328647575237,181.01049402811313,17372500
2024-07-03,184.75897216796875,185.027419540138,182.94935711411654,183.79450966944947,10242100
2024-07-05,189.51168823242188,189.77019818175984,184.7390929924964,184.7987479676004,20967500
2024-07-08,187.9506378173828,189.08412781251326,186.70777531519326,188.81566526397512,21035900
2024-07-09,187.9009246826172,190.26733979712682,187.64241473790693,189.22333223651012,15121400
2024-07-10,190.08836364746094,190.65511625588667,187.95064611795024,188.06995606849796,15952500
2024-07-11,184.51040649414062,189.77019403012062,184.02319892201342,188.76596657062842,25625800
2024-07-12,184.01324462890625,186.04158941059126,183.43655464890261,184.02318206640862,22898400
2024-07-15,185.46490478515625,187.16514729008762,183.86409734476058,183.86409734476058,16474000
2024-07-16,182.86981201171875,187.6026268731147,182.32294948626117,186.29017198367765,18290700
2024-07-17,179.9863739013672,182.5019263017259,178.8727588226684,181.92523630082098,20734100
2024-07-18,176.67538452148438,181.45791677729983,175.4623495627197,180.89116422058456,25315700
2024-07-19,176.6455535888672,179.2605258026029,176.11858113676493,177.8585885239563,18881900
2024-07-22,180.63265991210938,181.65677738382092,179.20087990499312,179.5588249067722,24100300
2024-07-23,180.751953125,182.56156801417904,180.50338065154088,181.01047820725972,36352700
2024-07-24,171.64430236816406,175.18397264617857,170.83892982612468,172.60876496513194,49585200
2024-07-25,166.3248291015625,172.42976906222302,166.2353466432372,171.53491413564743,44852000
2024-07-26,166.0464324951172,167.1302049702039,163.12321742372532,166.19556992869366,41336900
2024-07-29,168.56195068359375,169.45680544609647,167.030751048017,167.86595084924068,20293800
2024-07-30,169.317626953125,170.2522619227889,167.47819966988007,169.2679245935279,18959700
2024-07-31,170.56048583984375,173.25501819286436,169.0392234792002,172.25079083759002,25729100
2024-08-01,169.7849578857422,173.0561805386624,167.91570297002085,169.2778754387371,24531400
2024-08-02,165.70838928222656,167.54781683731068,163.7297465503833,165.48964424969463,29130100
2024-08-05,158.34068298339844,163.49109791672467,154.04534288788773,154.61209547201543,53630700
2024-08-06,157.3861541748047,159.65314928592488,155.51689933013026,158.42022424958387,49004600
2024-08-07,158.03245544433594,162.04938037940107,157.5651379293703,160.32926292292882,25138600
2024-08-08,161.10479736328125,162.7553223007696,159.295197566251,159.59347241017986,25578800
2024-08-09,162.7354278564453,162.85473779079283,158.15175076145542,159.09632314224646,28602300
2024-08-12,161.3633270263672,163.9584246876545,160.91589953407535,163.41157729244355,15895300
2024-08-13,163.22264099121094,163.78937837052388,162.03943352934883,162.47692353255772,18551700
2024-08-14,159.4542694091797,162.2880017461777,156.80946975586303,161.47267673043564,40591100
2024-08-15,160.3789825439453,160.71703750803647,158.6986299901853,159.58354749716605,31524300
2024-08-16,162.0294952392578,164.11749500950546,160.20994282911744,160.5479977673965,24208600
2024-08-19,165.7183074951172,165.73819754258415,163.32206502598987,164.3362450435517,22416200
2024-08-20,166.2253875732422,167.67705758463384,165.8674577538516,165.9469875992757,18341500
2024-08-21,164.9029998779297,165.8972898617058,163.7297298078101,164.20698475195752,22902000
2024-08-22,162.8647003173828,166.63305263271135,162.3774927696954,166.30493512161505,22493300
2024-08-23,164.67431640625,165.23111641753695,162.89454385791046,163.77946141263345,13955700
2024-08-26,165.21121215820312,166.59327450173777,163.52092237549783,165.42995714825835,14190400
2024-08-27,163.73965454101562,165.48961448654234,163.52092471948473,164.89303447390188,11821900
2024-08-28,161.9201202392578,164.65441753105478,160.6076502567984,164.0976024292579,16407400
2024-08-29,160.8562469482422,165.0223247855158,159.33498434884734,163.37179962157677,19699800
2024-08-30,162.4470977783203,162.72549775211684,160.76674532612375,161.69142770230633,22123800
2024-09-03,156.4614715576172,160.9258390209967,155.5864915219748,160.7965764689147,38945300
2024-09-04,155.5566864013672,158.0921292443354,155.0694939519252,155.76549400231605,19353800
2024-09-05,156.34214782714844,158.5395199887869,155.0893328553914,155.40751290271373,18688700
2024-09-06,150.0582275390625,156.92877428174015,149.69034513675084,156.4018018567198,37912100
2024-09-09,148.05706787109375,152.7264627958575,146.57360452316883,151.84037111346015,39260500
2024-09-10,148.00729370117188,150.60583478404823,147.68869140831964,149.78942780245947,31118800
2024-09-11,150.49630737304688,150.83481089337806,146.87229008202618,149.2617463560954,29607700
2024-09-12,154.0108184814453,154.14025256310887,151.97976682488095,153.1247267348267,29621500
2024-09-13,156.76866149902344,157.6846203163579,154.5285403677334,154.7475604574538,29591200
2024-09-16,157.36599731445312,157.55516550467146,155.91241630124466,156.61929036893335,18379800
2024-09-17,158.62049865722656,159.8450939790901,157.68462338017213,158.32181279555903,20715600
2024-09-18,159.10833740234375,159.79531032602117,157.9036585234899,159.1581209112091,23677300
2024-09-19,161.4281005859375,163.07084994877528,160.631610061734,162.9912145689688,26587700
2024-09-20,162.87173461914062,163.01111932448998,161.34845348503907,162.78213342108606,40896400
2024-09-23,161.13937377929688,164.76339107979564,160.9601562027871,163.6283970678755,24150900
2024-09-24,161.5774383544922,162.5033629705114,159.98447247380625,162.31419475907774,23332100
2024-09-25,160.7809600830078,162.09515653085376,160.59179187501798,160.7610436422212,18869200
2024-09-26,162.0155029296875,163.35958160947462,161.56748176702274,162.9215110711205,20319300
2024-09-27,163.2301483154297,164.97246466107853,161.91595188587257,162.09515427507873,21101300
2024-09-30,165.12181091308594,165.42048155404993,162.54317124235408,162.60292056233942,20413900
2024-10-01,166.25680541992188,168.41727581616183,163.85738331840562,166.9537289039037,28338100
2024-10-02,165.13177490234375,166.78449014447432,164.00673142434744,165.6893137329917,17760200
2024-10-03,165.13177490234375,165.90834901528822,163.2002902448892,163.68814431760305,15073100
2024-10-04,166.32650756835938,167.491368768802,164.75344285896497,167.3221169901183,19047400
2024-10-07,162.26441955566406,167.7402713838118,162.03543364200755,166.98361369115,22463100
2024-10-08,163.65826416015625,164.0067183055417,162.15488437084886,163.22019363060423,23072700
2024-10-09,161.1493377685547,164.11624952090352,159.0386507061608,162.7323530653501,31181800
2024-10-10,161.3683624267578,162.35402113493024,159.695730848507,160.16366845010265,14144100
2024-10-11,162.5232696533203,163.18036025385564,160.53205102817606,161.41814270869355,15344300
2024-10-14,164.2357177734375,165.50013065374594,162.6825544952434,162.9215061976869,19016100
2024-10-15,164.73353576660156,166.94377462807307,163.90717815283185,165.06207349535208,20247200
2024-10-16,164.43484497070312,165.07203435121127,163.02108150744417,163.80760621471472,16406000
2024-10-17,162.21461486816406,165.6395132678631,162.04536311131514,165.00232392781157,21453400
2024-10-18,162.70248413085938,163.98682874694387,162.36398058545478,162.47349822564962,19757700
2024-10-21,163.34963989257812,163.77774463817317,161.90599412379152,162.234547045473,20946500
2024-10-22,164.41493225097656,165.0421710211609,162.26441234616763,162.26441234616763,16568100
2024-10-23,162.0653076171875,165.09196890043052,161.21903349459384,164.03661010564252,18280500
2024-10-24,162.0055389404297,162.61286119271972,160.30304043260298,162.11505656598337,22412500
2024-10-25,164.54437255859375,164.86295967221815,162.70248906090407,162.9513914150895,19828900
2024-10-28,165.9879913330078,168.00907708946656,163.23014919167423,168.00907708946656,32138600
2024-10-29,168.9349822998047,169.6319209779577,166.3563578043749,166.99354716216052,42169000
2024-10-30,173.69400024414062,181.22080390832798,173.29574742034202,179.88667593834245,68890800
2024-10-31,170.3587188720703,176.04365502457762,170.2492012343648,172.3698540409386,44769000
2024-11-01,170.53790283203125,171.56339434249736,168.13849607004246,169.3232735157594,31796500
2024-11-04,168.49691772460938,169.98036580888692,167.2723073887744,169.18387535736116,21492700
2024-11-05,168.9947509765625,169.7812757458724,168.0986933699296,168.68609929058584,18242100
2024-11-06,175.73500061035156,176.16312052987965,172.7382219408271,173.03690778369432,33695500
2024-11-07,179.95639038085938,180.28494329004707,176.41202351829116,176.63105879108298,25352900
2024-11-08,177.5669403076172,180.1057320918823,177.29812151933496,179.85682974504894,22006200
2024-11-11,179.5581512451172,179.7572700755342,177.68640081725277,177.79591845275107,17450400
2024-11-12,180.82257080078125,181.68876129211964,178.60236613626623,179.03048606955645,25134900
2024-11-13,178.0946044921875,180.16547375277025,177.75608576913012,179.66766908027805,23184000
2024-11-14,174.80909729003906,178.03487716000262,173.55463493650558,177.49723958577857,31007500
2024-11-15,171.73265075683594,173.37539999767293,170.46822271325942,172.9671965454628,32504600
2024-11-18,174.5303192138672,174.6697039128958,172.1408476982141,172.6585688053745,20135300
2024-11-19,177.3379364013672,178.08464343003916,172.7979600977284,172.95726124320882,23434900
2024-11-20,175.2073211669922,176.89985394642653,173.01698373526585,176.56135042889815,18997100
2024-11-21,166.8939971923828,173.36545785068716,162.98124461770655,173.1364567662256,59734400
2024-11-22,164.03659057617188,165.7291386198519,163.18036592990532,165.12181631038618,38604600
2024-11-25,166.9138946533203,167.88960271467622,164.88285834642193,165.36074656125817,33135300
2024-11-26,168.37744140625,169.07438007569232,166.84420975542025,166.8939932592079,20486700
2024-11-27,168.48696899414062,168.73587133599466,167.28229016697128,168.25798309333703,19266500
2024-11-29,168.20819091796875,168.68607913599834,166.4260569265254,167.76016976407897,14257200
2024-12-02,170.73704528808594,171.32445113236562,167.82986793872016,168.02898676148365,23789100
2024-12-03,170.5876922607422,171.9218050645491,170.09985343093683,170.73704276945597,22248700
2024-12-04,173.60438537597656,174.14202289483944,170.30892108827348,170.39852227748662,31615100
2024-12-05,171.8820037841797,175.28698606114204,171.57336730521956,174.5900625293299,21356200
2024-12-06,173.9429168701172,174.3112874696141,171.10542413534188,171.2746759024565,21462400
2024-12-09,174.80010986328125,175.68721709610546,173.08569798716198,173.3947033817355,25389600
2024-12-10,184.56826782226562,185.75440321939527,180.46166108394456,182.2558148271153,54813000
2024-12-11,194.76502990722656,194.97435419169267,184.2493249317854,184.70782161706586,67894100
2024-12-12,191.33621215820312,194.54573443162946,191.08702455991943,194.36632666128313,34817500
2024-12-13,189.20315551757812,192.10368742772263,189.02373254884577,190.38927563816205,25143500
2024-12-16,196.02093505859375,198.3533273175459,191.99405497177682,192.2432425689094,44934900
2024-12-17,194.7849578857422,200.76546017959686,194.34638528405358,196.60901291047233,43504000
2024-12-18,187.7877655029297,196.35982485436523,187.12992181114345,194.58561039475242,34166100
2024-12-19,187.8974151611328,192.40273129322728,187.7678479495074,191.00728679661606,32265200
2024-12-20,190.78799438476562,192.263180692445,184.61810708296375,185.1762848637503,63462900
2024-12-23,193.99754333496094,194.46601725929617,189.5320904055188,191.99406521325346,25675000
2024-12-24,195.47271728515625,195.47271728515625,193.15028707875092,194.20684004621347,10403300
2024-12-26,194.96438598632812,196.11064287242172,193.7483492712215,194.51583613513964,12046600
2024-12-27,192.1335906982422,194.68528435280825,190.0304468655215,194.31647638353087,18891400
2024-12-30,190.61856079101562,191.92430144195808,188.50543950298513,189.1832377151322,14264700
2024-12-31,188.6848602294922,191.33622003458325,187.89741886934635,190.45907478557154,17466900
