Date,Close,High,Low,Open,Volume
,MSFT,MSFT,MSFT,MSFT,MSFT
2020-01-02,152.79112243652344,152.8957614430933,150.61274704618017,151.04081043121997,22622100
2020-01-03,150.88864135742188,152.15381709483418,150.35593883957563,150.60327537647208,21116200
2020-01-06,151.27859497070312,151.34519001394506,148.8814201698209,149.4236443274812,20813700
2020-01-07,149.89930725097656,151.8874339140462,149.65198528111424,151.55450216789137,21634100
2020-01-08,152.2869415283203,152.96234132463985,150.25124929659466,151.18347838942788,27746500
2020-01-09,154.189453125,154.31312134782266,153.18112165750648,153.95163855191004,21385000
2020-01-10,153.47601318359375,155.2643834620675,153.32380836945768,154.88388594177735,20725900
2020-01-13,155.32147216796875,155.35000875909117,153.39992611376826,153.87555531921038,21626500
2020-01-14,154.22750854492188,155.62585936832997,153.83748916913066,155.4260887442505,23477400
2020-01-15,155.22630310058594,155.94926860820615,154.6460495442772,154.6936008413171,21417900
2020-01-16,158.07061767578125,158.13721273567788,156.03492513756743,156.33933481414817,23865400
2020-01-17,158.9552764892578,159.30723743482343,157.36666226753334,159.25967161419416,34371700
2020-01-21,158.384521484375,159.99215048130927,158.31792643003993,158.5557410268633,29517200
2020-01-22,157.62353515625,159.32629604947206,157.60450592147876,159.2406717505281,24138800
2020-01-23,158.5937957763672,158.66989818737443,157.2144740501068,158.08963000411373,19680800
2020-01-24,156.99569702148438,159.3643359204746,156.43445798806613,159.34530668619095,24918100
2020-01-27,154.37022399902344,155.41661412644106,152.39160463130347,153.2952972785901,32078100
2020-01-28,157.39524841308594,157.68061437029192,155.12174102533777,155.79712647746362,24899900
2020-01-29,159.8494415283203,160.52484132139085,157.61399318783765,159.659192767542,34754500
2020-01-30,164.35841369628906,165.56651584401405,162.46540438725938,165.56651584401405,51597500
2020-01-31,161.93270874023438,163.99693766743874,161.3143966039244,163.81621076924645,36142700
2020-02-03,165.88043212890625,165.99457848362047,162.09441352698238,162.12295011566093,30107000
2020-02-04,171.34066772460938,171.83532618385004,167.71637534499953,168.50592160194358,36433300
2020-02-05,171.13140869140625,175.22182339174296,169.7140427303393,175.0601111787714,39186300
2020-02-06,174.67958068847656,174.86032210279942,171.28358131001283,172.1492299180586,27751400
2020-02-07,174.9268798828125,176.5820744714709,173.58560226002288,173.93757768450857,33529100
2020-02-10,179.50247192382812,179.63564753016698,174.31811612092304,174.63203316051872,35844300
2020-02-11,175.45010375976562,181.404976191026,174.55591853044396,181.35741036743522,53159900
2020-02-12,175.7069549560547,176.7913890101186,172.98635520427305,176.53454516400944,47062900
2020-02-13,174.7556915283203,177.15285230690492,173.95662342040714,174.15639407614833,35295800
2020-02-14,176.3157501220703,176.37282330362197,173.7473408318349,174.31810167745414,23149500
2020-02-18,178.10406494140625,178.55115744712026,176.45839235455028,176.56303133493117,27792200
2020-02-19,178.63827514648438,179.4967403235362,177.8656535761982,179.38228218118198,29997500
2020-02-20,175.9102020263672,178.60961748444439,172.74340623006393,178.32345764295638,36862400
2020-02-21,170.34925842285156,175.03269814425303,169.07109398402642,174.71792369802935,48572600
2020-02-24,163.00454711914062,166.49566562535716,155.69800236911044,160.02851930646872,68311100
2020-02-25,160.31466674804688,166.77226468532234,159.91403421539607,166.16179711586173,68073300
2020-02-26,162.31777954101562,165.26519300844907,160.44822871342618,161.87901364573722,56206100
2020-02-27,150.8810577392578,159.32269602302145,150.69028929512686,155.7838955370893,93174900
2020-02-28,154.53431701660156,156.15588503240923,144.98621679499112,145.37730153078934,97012700
2020-03-02,164.81692504882812,164.94093110160344,154.82050895152818,157.68207961162824,71030800
2020-03-03,156.91893005371094,166.92489013643683,154.7727528948139,165.78026522929747,71677000
2020-03-04,162.68023681640625,162.82330947641486,157.97771647661318,160.71529466057675,49814400
2020-03-05,158.59774780273438,162.98547961930032,158.0445092042918,158.38789817730108,47817300
2020-03-06,154.11460876464844,155.58354143800216,148.8016208295447,155.1066131661126,72821100
2020-03-09,143.6698760986328,150.4708782982367,143.07848966551825,144.03234626328836,70419300
2020-03-10,153.49461364746094,153.59953846338823,145.53945250980186,150.86197447696378,65354400
2020-03-11,146.54100036621094,150.4231893253635,144.1754254179257,149.87949860861463,56371600
2020-03-12,132.643310546875,146.38838910499453,132.18546340559118,138.59538160235746,93226400
2020-03-13,151.5010223388672,154.43890196381807,134.2362146991924,140.69382696823536,92727400
2020-03-16,129.1712646484375,142.45849523329102,128.77064660556167,133.53992981317504,87905900
2020-03-17,139.8067626953125,140.69384230801745,128.7706353327617,133.539918122864,81059800
2020-03-18,133.92149353027344,139.26309761691178,128.78975366596967,131.6322429529714,81593200
2020-03-19,136.1248779296875,143.22155860648684,132.58606363997856,136.18210699531306,85922700
2020-03-20,131.01223754882812,140.3123413663581,129.59098567445727,139.26309306250047,84866200
2020-03-23,129.70541381835938,134.08362658703234,126.40507819849284,130.68788493248408,78975200
2020-03-24,141.4950714111328,142.69693993052886,134.75131344382464,137.11687351683517,82516700
2020-03-25,140.14064025878906,147.2087226877982,137.77507945408,142.03882054333977,75638200
2020-03-26,148.90655517578125,149.43117921942496,141.52369981403282,141.5523143478046,64568100
2020-03-27,142.79229736328125,147.74281431075764,142.3153691726526,144.74770585579742,57042300
2020-03-30,152.83644104003906,153.1893778840761,143.08802528988713,145.40590442813732,63420300
2020-03-31,150.43272399902344,157.17648228814505,149.3357802257252,152.04472935430687,77927200
2020-04-01,145.0911407470703,150.47089186122017,143.86067202910272,145.94007261341795,57969900
2020-04-02,148.0957794189453,148.30562904799265,143.42188761859504,144.85267260499177,49630700
2020-04-03,146.7317657470703,150.11795966237685,145.16744147090267,147.94316773099004,41243300
2020-04-06,157.64389038085938,158.8171299683736,150.3087305178328,152.9223029413877,67111700
2020-04-07,155.9459991455078,162.15559951060627,155.7266016785545,161.76451486571867,62769000
2020-04-08,157.51034545898438,158.97927822305374,155.95555453910382,158.0254216203681,48318200
2020-04-09,157.5198974609375,159.64699386180075,155.79341913413606,158.6836038185592,51385100
2020-04-13,157.87281799316406,157.93006162140637,154.8109461209719,156.76635527701671,41905300
2020-04-14,165.6848907470703,165.7325864886539,160.24791096456894,161.2017675774533,52874300
2020-04-15,163.94888305664062,165.5609030982997,161.4307021228073,163.30025297649564,40940800
2020-04-16,168.87075805664062,169.0996888694817,164.92179250198183,166.25720041151084,50479600
2020-04-17,170.3588104248047,171.69420396711413,167.7547711852542,171.21727562276104,52765600
2020-04-20,166.98214721679688,170.50188067672113,166.91538481798173,168.47970918298162,36669600
2020-04-21,160.0762176513672,165.65626989096575,158.44511650151756,165.49411601952747,56203700
2020-04-22,165.51319885253906,165.97104593843355,162.93778898167508,163.48147966716917,34620200
2020-04-23,163.51011657714844,166.98215444262306,163.02365489148056,166.07599347299146,32790800
2020-04-24,166.49566650390625,166.50519982987552,162.83286078364466,164.12055841490894,34277600
2020-04-27,166.01870727539062,168.7371892489158,165.3033149842482,168.44149609732787,33194400
2020-04-28,161.97438049316406,167.56398052966216,161.5737624836166,167.48767025812512,34392700
2020-04-29,169.2427520751953,169.48121620057074,163.94886013561694,165.2270243545024,51286600
2020-04-30,170.94065856933594,172.07573576963108,168.09815524104735,171.6941989272274,53875900
2020-05-01,166.5147705078125,170.39695969444045,165.9805985317826,167.6880101692875,39370500
2020-05-04,170.58773803710938,170.7403586105594,165.78030641102487,166.43846989866657,30372900
2020-05-05,172.41912841796875,175.17577364387245,171.59881109012036,172.2855890648166,36839200
2020-05-06,174.11700439453125,175.70041008950886,173.2490058153293,173.67823844103557,32139300
2020-05-07,175.12803649902344,176.03419714551012,174.15509891994742,175.67172706503814,28316000
2020-05-08,176.15823364257812,176.4634747473145,174.89915047228297,176.44439353959424,30877800
2020-05-11,178.1232147216797,178.8576739397428,174.4127125466387,174.69885792785863,30892700
2020-05-12,174.08837890625,178.40934853898727,173.88807715237897,178.18043224884894,32038200
2020-05-13,171.4557342529297,175.55732079272926,168.39384797708584,174.1265358059176,44711500
2020-05-14,172.19972229003906,172.3523428315941,167.57351218768702,169.34768595785033,41873900
2020-05-15,174.7083740234375,178.4284088494527,168.8326140197911,170.79755623838867,46610400
2020-05-18,176.37765502929688,177.60812383198754,175.47149402828296,177.17889120568609,35264500
2020-05-19,175.15667724609375,177.98963227197413,175.02313791561804,176.4920705508508,26799100
2020-05-20,177.58624267578125,177.76798251744347,175.94103881842096,176.77320062473433,31261300
2020-05-21,175.45323181152344,178.55234023196323,175.3193205301286,177.3375642252304,29119500
2020-05-22,175.5297393798828,176.4384386338719,174.6019203696662,175.22366273267104,20826900
2020-05-26,173.6741180419922,178.3897213651275,173.22455564626833,178.23667574206536,36073600
2020-05-27,173.90367126464844,174.07585123879124,168.92024541644372,172.36368435172727,39517100
2020-05-28,173.51150512695312,176.14191667686424,172.53587207882768,172.8802174473527,33810200
2020-05-29,175.2810516357422,176.25669922946608,172.56455753071015,174.78366066312537,42130400
2020-06-01,174.8793182373047,175.041923737436,173.5688997628599,174.60192122307836,22622400
2020-06-02,176.86888122558594,176.954963921394,173.4636961469848,176.2375789325235,30794600
2020-06-03,177.29931640625,177.854095904641,175.5967237987073,176.78280561546418,27311000
2020-06-04,174.96536254882812,177.75837885861162,174.37232913781187,176.28535520713461,28761800
2020-06-05,179.05923461914062,179.56618535267197,174.09492970472004,174.67840323136204,39893600
2020-06-08,180.16885375976562,180.35059363006079,176.4193232089548,177.8540932225667,33211600
2020-06-09,181.54615783691406,182.40701363963424,179.116606810628,179.82443163624464,29783900
2020-06-10,188.28004455566406,189.8869942338778,182.70357115121254,182.81836265373434,43872300
2020-06-11,178.1697235107422,187.2470247261597,177.97842378371163,184.73140485500232,52854700
2020-06-12,179.57579040527344,183.38270879064902,177.1271043944174,182.25401564409069,43373600
2020-06-15,180.72360229492188,182.52185174111463,176.00798473503326,176.55320425253194,32770200
2020-06-16,185.1522979736328,187.07488457162634,183.1340542016108,184.50186129975745,42556700
2020-06-17,185.79315185546875,187.78270130526218,185.26706661233482,186.54879095361756,25687800
2020-06-18,187.7826690673828,187.94527455184777,185.56355154831002,185.56355154831002,23061600
2020-06-19,186.66354370117188,190.62350773479815,185.91746457854902,189.95395141901264,44441100
2020-06-22,191.84783935546875,192.02956458436313,186.74004831221418,187.2756933126498,32818900
2020-06-23,193.129638671875,195.08091973322942,192.67050169665498,193.3018040911545,30917400
2020-06-24,189.23658752441406,194.41132797357815,188.0122516696162,192.83308686871308,36740600
2020-06-25,191.62786865234375,191.88613132681965,186.96965360935258,189.1983313222543,27803900
2020-06-26,187.792236328125,191.19742094899755,186.40529512178978,191.04437533575467,54675800
2020-06-29,189.8104705810547,189.89655326113646,185.13312189192482,187.26614211582302,26701600
2020-06-30,194.66000366210938,195.5112998594685,189.1409327916418,189.27484406104995,34310300
2020-07-01,195.79827880859375,197.37653458503448,192.99570171336885,194.30612032558463,32061200
2020-07-02,197.2904052734375,198.97387782843097,196.08520390857598,196.73562587192674,29315800
2020-07-06,201.5373077392578,201.94861596277482,199.0408079583998,199.74863290839815,31897600
2020-07-07,199.19387817382812,205.3346912981551,198.9451899907763,201.29820433993112,33600700
2020-07-08,203.57472229003906,203.98601599302182,199.61475791106196,200.93475090246577,33600000
2020-07-09,204.99993896484375,206.97035404205397,202.2738702017614,206.92252545765635,33121700
2020-07-10,204.37814331054688,204.77031716710385,201.9007779936779,204.33031473861024,26177600
2020-07-13,198.06520080566406,206.41555718586292,197.51998126087832,205.1529527212435,38135600
2020-07-14,199.28955078125,199.7678074285818,193.2443797532636,197.16609009947808,37591800
2020-07-15,198.99298095703125,202.13991726185833,196.11388175058315,200.4468849707101,32179400
2020-07-16,195.05218505859375,196.754777518485,193.51219810383432,196.46782061727353,29940700
2020-07-17,194.057373046875,196.12343015093595,192.6321633422723,195.57822529972975,31635300
2020-07-20,202.398193359375,203.06774966180717,194.1817341062807,196.0852005759111,36884800
2020-07-21,199.67213439941406,204.63644033959972,198.98344371434592,204.36861780598804,37990400
2020-07-22,202.5416717529297,203.0677569362697,199.32778679089205,200.10256015397763,49605700
2020-07-23,193.73219299316406,201.7477789369592,193.35915339838218,198.17998849504676,67457000
2020-07-24,192.546142578125,194.03830108674305,188.92094876491274,191.70440614957712,39827000
2020-07-27,194.98524475097656,195.10002167809546,192.12526468997373,192.70873839488618,30160900
2020-07-28,193.23475646972656,195.79820425258475,192.9669340027184,194.75560860635795,23251400
2020-07-29,195.1860809326172,195.75042021682404,193.22522595682696,193.6939226783325,19632600
2020-07-30,195.0330352783203,195.56869492931756,190.89134597384654,192.25915284158472,25079600
2020-07-31,196.0947723388672,196.18086962208122,190.35569294976955,195.51129868383293,51044000
2020-08-03,207.12335205078125,208.17552235881027,201.2886305655481,202.32166652382227,78983000
2020-08-04,204.0146942138672,205.43034425987676,201.1642889616296,204.85643050119904,49280100
2020-08-05,203.67991638183594,205.6503311731883,202.36949801181146,205.5546740182705,28806400
2020-08-06,206.94166564941406,206.96078540752478,202.3503987271577,203.10603783911577,32656800
2020-08-07,203.23989868164062,206.31987202035265,201.75730046284434,205.50684464537062,27820400
2020-08-10,199.19387817382812,202.66602583479983,197.3765088929286,202.46515163658734,36716500
2020-08-11,194.53562927246094,198.61992949774503,194.30606088559605,198.15124744300508,36446500
2020-08-12,200.09300231933594,201.1355982236345,195.8460812980744,196.36259201366113,28013100
2020-08-13,199.62429809570312,202.15906678427115,199.09821292673746,200.33212310442354,22588900
2020-08-14,199.81558227539062,200.47557865465978,198.48602964006278,199.68167102417888,17958900
2020-08-17,201.13558959960938,202.00602009313567,199.83473109567723,200.4851676452597,20184800
2020-08-18,202.29299926757812,203.12516115245592,200.1121501522033,201.37474009494085,21336200
2020-08-19,201.06565856933594,203.3668480228417,200.63419011883883,202.78196401600835,27627600
2020-08-20,205.74476623535156,206.14747116755194,200.30822770487376,200.9122777879167,26981500
2020-08-21,204.2489776611328,207.34597940729685,204.0859791092835,205.05438743398125,36249300
2020-08-24,204.89138793945312,206.64604005613015,203.68325865522533,205.94608702842203,25460100
2020-08-25,207.55694580078125,207.6911807782171,204.3257087243152,204.3257087243152,23043700
2020-08-26,212.044189453125,212.94548749189067,208.41024834269933,208.90884154871026,39600800
2020-08-27,217.25064086914062,221.63246493551068,210.36626752363242,213.7125731282729,57602200
2020-08-28,219.4847412109375,221.14350517267079,217.25067611667052,218.78478808590117,26292900
2020-08-31,216.24392700195312,219.28340226622853,215.0741586503371,217.6534017431541,28774200
2020-09-01,217.9122772216797,218.08485879041012,215.1892016607424,216.2247349646736,25725500
2020-09-02,222.11192321777344,223.27210852062112,217.9889852351546,218.58345236872887,34080800
2020-09-03,208.35275268554688,219.86823993863055,206.1091048649001,219.82989336183493,58400300
2020-09-04,205.42832946777344,209.36910220754496,196.74137421249213,206.2433368604578,59664100
2020-09-08,194.31556701660156,201.38210582163182,193.8745008771497,197.9974531917492,52924300
2020-09-09,202.59022521972656,205.99405853242104,198.18921986500675,199.05217155822652,45679000
2020-09-10,196.91397094726562,205.89817504143133,195.7058561904277,204.61333786515826,35461500
2020-09-11,195.62916564941406,200.03976880285725,192.95404894109103,198.66864072960442,33620100
2020-09-14,196.9523162841797,200.5862578795132,195.62913263534196,195.83049239384434,30375800
2020-09-15,200.1835479736328,201.14237328805027,198.40971528975524,199.838370275222,21823900
2020-09-16,196.60711669921875,201.97652921878745,196.2139948428728,201.94776563227552,26328100
2020-09-17,194.55523681640625,195.9167669285345,191.72670522843845,191.81299599042612,34011300
2020-09-18,192.1389923095703,195.26475737462349,188.16945633815408,194.44976468598855,55225300
2020-09-21,194.2005157470703,194.3635289614694,188.29416162158768,189.07080795735874,39839700
2020-09-22,198.8795623779297,199.53157125670091,193.75943826186247,196.61673385251396,33517100
2020-09-23,192.3307647705078,199.53155218776047,191.79382493960753,199.33977542199915,30803800
2020-09-24,194.82376098632812,197.10577042017843,190.99804187025845,191.62128724052434,31202500
2020-09-25,199.2631072998047,200.43286086089412,194.20049558420504,195.16891862918936,29437300
2020-09-28,200.81642150878906,203.81755010191583,199.49323759453853,202.19713261400415,32004900
2020-09-29,198.72616577148438,201.42047768776106,198.29469722712864,200.73012216458557,24221900
2020-09-30,201.66976928710938,203.25182551081647,198.03581244692208,199.1768171334635,33829100
2020-10-01,203.71200561523438,205.17900698052748,202.61894548755498,204.69959438715037,27158400
2020-10-02,197.70018005371094,202.30254416620252,197.07693486474676,199.43565141019656,33154800
2020-10-05,201.71771240234375,201.74647599676422,198.4576969397012,198.68782032558104,21331600
2020-10-06,197.43173217773438,201.52590590584774,196.38661605306922,200.2219174695407,28554300
2020-10-07,201.19033813476562,201.4588080799235,198.20839051556985,198.5343876446166,25681100
2020-10-08,201.90945434570312,202.4943384245125,199.7425142102119,201.84232954510335,19925800
2020-10-09,206.92405700683594,206.97200119130144,202.53263598509545,202.53263598509545,26458000
2020-10-12,212.28390502929688,214.64262158762784,207.8829006321009,209.7813705353107,40461400
2020-10-13,213.68385314941406,215.93709894385265,211.35389955872688,213.5496181636081,28950800
2020-10-14,211.76617431640625,214.98782818305753,210.107410503166,213.818060047335,23421700
2020-10-15,210.61558532714844,211.286760163365,207.1158639310317,208.16099470869122,22733100
2020-10-16,210.61558532714844,213.13728611397025,210.28958821105957,211.08540039724295,26057900
2020-10-19,205.3995819091797,213.14689303076904,204.92016920089208,211.34429656584294,27625800
2020-10-20,205.8118438720703,208.41984984684413,204.3160787516439,206.91450174044525,22753500
2020-10-21,205.95565795898438,207.98836272167927,204.34482399890584,204.34482399890584,22724900
2020-10-22,206.0419921875,207.16381616381312,202.98333678251518,205.12151335460695,22351500
2020-10-23,207.32681274414062,207.37475694038199,204.38322636550816,206.17622518692104,18879600
2020-10-26,201.43003845214844,207.4322800897711,199.5315682881296,205.04481424683485,37111600
2020-10-27,204.46951293945312,205.83104322774932,201.6697445765535,202.87785929223526,36700300
2020-10-28,194.33473205566406,200.24110024392866,193.77862617846768,199.1192762411455,51195600
2020-10-29,196.29074096679688,198.82203948797712,194.9963207988178,195.66751029659352,31432600
2020-10-30,194.1333770751953,195.87843166985988,191.4007188728708,195.12096605234098,36953700
2020-11-02,193.99916076660156,196.8276930012866,191.8801500222791,195.87845051085,30842200
2020-11-03,197.9302978515625,199.55071493466912,194.75658847838346,195.49488804919505,27512000
2020-11-04,207.48028564453125,209.3308267910276,203.6737465733914,205.2078734938904,42311800
2020-11-05,214.09613037109375,214.8919572579799,212.04424447339872,212.89759854696078,36080100
2020-11-06,214.50839233398438,215.12203992659627,209.05267416206104,213.1085009908786,25231900
2020-11-09,209.3979034423828,218.7272715981785,208.90890769716995,215.19880072888262,44395000
2020-11-10,202.32171630859375,207.5856723430771,201.08483813944855,205.66802179025424,44045100
2020-11-11,207.63363647460938,209.06227691014422,203.46274026943215,203.64491943032922,29440800
2020-11-12,206.5693359375,210.08822321961955,205.62969119016765,208.26646090512634,21593900
2020-11-13,207.5952606201172,208.4677951552141,205.34202994142674,207.45144267719485,18621100
2020-11-16,208.28565979003906,208.7746701597939,205.6872508716212,206.0228310191519,24953300
2020-11-17,205.62973022460938,208.7171349804939,205.26537184033953,207.2022035133558,24154100
2020-11-18,202.918701171875,206.85055988649998,202.77449204411337,205.38932580431373,28372800
2020-11-19,204.20692443847656,204.79333979305358,201.81319330215703,203.20714178040058,24792700
2020-11-20,202.25543212890625,205.04329999527926,201.88051176523788,203.99544752615736,22843100
2020-11-23,201.9862518310547,204.08195669194225,200.11165008190773,202.79377032779195,25683500
2020-11-24,205.59127807617188,205.96619845743962,200.78459899898544,201.48637003698494,33979700
2020-11-25,205.60081481933594,206.96590944337214,204.24534293816052,206.792876097662,21012900
2020-11-27,206.9082794189453,207.90807676542295,205.76428758442702,206.54298182630274,14512200
2020-11-30,205.7931365966797,206.4564458958065,202.6880117806121,205.82197549364963,33064800
2020-12-01,207.8503875732422,208.91747073268834,205.10096702441447,206.21610523136007,30904500
2020-12-02,207.04287719726562,207.13901664044988,204.57225193068112,206.57183206459354,23724500
2020-12-03,205.95654296875,208.01380055345115,205.38934381990802,206.31223244455936,25120900
2020-12-04,206.07192993164062,207.05249649427384,204.93754613000235,205.93734351471602,24666000
2020-12-07,206.00460815429688,207.20627770612253,204.7548835554524,206.08151676587187,24620000
2020-12-08,207.6580810546875,208.5617387933713,204.65871891677193,205.696963041931,23284100
2020-12-09,203.61090087890625,206.90827523519087,203.0437163456567,206.840989365072,32440600
2020-12-10,202.38037109375,204.8413878398677,202.2265538799134,203.5820405728166,26733300
2020-12-11,205.01443481445312,205.07212727508463,201.02489774661876,201.9285556018802,30979400
2020-12-14,205.9180908203125,207.85038484162237,204.6491354053555,204.86063041931797,28798400
2020-12-15,205.85079956054688,207.09091604736759,204.03387583824556,206.8505821440536,27000600
2020-12-16,210.80165100097656,211.59956124036992,206.41796339032732,206.44680228233298,35023300
2020-12-17,210.936279296875,212.34944396119258,209.49427573482185,211.36887743172719,32515800
2020-12-18,210.1383514404297,211.19582649894002,207.66772650382657,210.1383514404297,63354900
2020-12-21,213.98370361328125,215.33919043070517,208.87901354427856,209.1385782828704,37181900
2020-12-22,215.28150939941406,216.90616900693473,213.27232139657806,214.07983982803108,22612200
2020-12-23,212.47442626953125,214.91621255931088,212.26293123630398,214.48361441637113,18699600
2020-12-24,214.13751220703125,214.96426143799516,212.64743904242195,212.85893405514418,10550600
2020-12-28,216.26206970214844,217.2906911980974,214.39707623360107,215.7717791429796,17933500
2020-12-29,215.4833526611328,218.39619813648693,214.9353990381416,217.55984092142964,17403200
2020-12-30,213.10890197753906,216.90618992435643,212.90702968461719,216.52164682313952,20272300
2020-12-31,213.82029724121094,214.3778737403455,211.18623198712405,213.1281343228935,20942100
2021-01-04,209.2731475830078,214.3778372347253,206.50449638120156,213.92600833251893,37130100
2021-01-05,209.47508239746094,210.07112061789647,207.36014639509406,208.85982802097564,23823000
2021-01-06,204.04347229003906,208.1195403388213,203.745460613917,203.96656368510168,35930700
2021-01-07,209.84994506835938,210.8593503984707,205.44704085761094,205.76426870218953,27694500
2021-01-08,211.12852478027344,212.0514134324191,208.6386690377971,210.2248669478522,22956200
2021-01-11,209.0808868408203,210.44598164507218,208.3502623900818,210.0229916301851,23031300
2021-01-12,206.61985778808594,208.70596899227266,205.072121521782,208.12916175268282,23249300
2021-01-13,207.975341796875,208.37910099174917,205.6585194623859,205.7450508153582,20087100
2021-01-14,204.78370666503906,209.05203893110192,204.51453387968525,207.56196586793973,29480800
2021-01-15,204.42800903320312,206.21609383211361,203.8319856565053,205.2643809782016,31746500
2021-01-19,208.07150268554688,208.5906175128357,204.40881599037613,205.48550728775663,30480900
2021-01-20,215.666015625,217.05994925074904,208.8885970053319,209.28274810474443,37777300
2021-01-21,216.27169799804688,217.55027626529116,213.82028897946032,216.01213324650223,30709400
2021-01-22,217.21380615234375,221.17451935101673,217.06961165977887,218.30012022572993,30172700
2021-01-25,220.6553955078125,220.89572944747323,215.55070497642953,220.26124432625218,33152100
2021-01-26,223.34713745117188,225.12559979449426,221.1841320050196,222.89530847335894,49169600
2021-01-27,223.89508056640625,231.1435600205835,221.2417992926183,228.79789854562574,69870600
2021-01-28,229.69195556640625,233.25851783734305,226.00042961631425,226.5003283393955,49111200
2021-01-29,222.99139404296875,228.8170849568112,222.40497878804445,226.86557502148287,42503100
2021-02-01,230.38409423828125,233.1239068460614,223.4432493228023,225.9715669034434,33314200
2021-02-02,230.24949645996094,232.9412392161706,229.4612088540299,231.97029548956272,25916300
2021-02-03,233.6045684814453,235.61375651700394,230.00916778453657,230.30719416490047,27158100
2021-02-04,232.65284729003906,233.8353007616422,231.0762573300535,233.27772429583018,25296100
2021-02-05,232.8354949951172,233.8737392729773,231.1243186859083,232.8643338915451,18054800
2021-02-08,233.0950927734375,234.25830087776615,231.49927182372988,233.74879407689158,22211900
2021-02-09,234.34481811523438,235.29653111250357,232.04722627683623,232.51827140273494,23565000
2021-02-10,233.43154907226562,236.41168103490142,231.57616348500238,235.52725392328455,22186700
2021-02-11,235.03700256347656,235.67147306352896,232.78746557100123,235.31578350013984,15751100
2021-02-12,235.5176544189453,235.81566615917376,233.34502620134742,234.49862618593036,16561100
2021-02-16,234.27749633789062,236.61354960880325,233.52765570002188,235.55607452010733,26728500
2021-02-17,235.2988739013672,235.40486497453526,232.15770663695596,232.5238602901919,21653500
2021-02-18,234.90379333496094,235.0386897154469,232.08059954957508,232.98633869109634,16925600
2021-02-19,232.18658447265625,234.97124266251927,231.42537193657122,234.8652516018974,25262600
2021-02-22,225.9620361328125,229.25737436114906,223.9289456662029,228.76596930430472,36446900
2021-02-23,224.76727294921875,226.27040833152452,220.3927484877867,221.9344340967485,30228700
2021-02-24,226.00057983398438,226.62688124341818,220.6528761824911,221.62605606398395,26339700
2021-02-25,220.64329528808594,226.03916586725174,219.57375431876594,223.6206609287914,39542200
2021-02-26,223.90969848632812,226.79070286617392,221.17320598719547,223.09067530726543,37819200
2021-03-01,228.303466796875,228.81414695837077,224.65160522398833,227.30136688188594,25324000
2021-03-02,225.34539794921875,228.6503815688465,224.94070877790585,228.3709438798375,22812500
2021-03-03,219.26541137695312,225.06598585161353,218.976343468429,223.69774676737754,34029500
2021-03-04,218.4656524658203,224.01570898842058,216.08568317000322,218.47529737394672,44727800
2021-03-05,223.1581573486328,224.76728387858142,218.20551156996922,221.1539718405699,41872800
2021-03-08,219.1016082763672,224.86363248546377,218.8510905986167,222.93653271094007,35267400
2021-03-09,225.25865173339844,226.8003371621138,223.2255612417985,224.39146286887222,33080500
2021-03-10,223.9482421875,228.36130202469465,223.58208855958944,228.36130202469465,29746800
2021-03-11,228.48655700683594,230.45219202841787,225.76933965358188,226.39565581287494,29907600
2021-03-12,227.15682983398438,227.2242853666872,224.72868060089712,225.48024815118112,22653700
2021-03-15,226.2510986328125,226.61725221705547,223.3604495848346,226.3956399067722,26034900
2021-03-16,229.0454559326172,231.30978940308722,227.3399684725268,227.6675719138128,28092200
2021-03-17,228.3998565673828,229.8548262925455,224.72873388533623,227.5422977642344,29562100
2021-03-18,222.31019592285156,225.6537146778169,221.93441211449593,224.08312390572942,34833000
2021-03-19,221.9536590576172,223.99637953070715,220.9901094453898,222.5992355334975,46430700
2021-03-22,227.3881378173828,228.26495702010288,221.75136522898913,221.87663141620806,30127000
2021-03-23,228.920166015625,232.26368503825154,228.42876090462175,228.8334500612015,31638400
2021-03-24,226.87744140625,229.3248514186312,226.7425450229314,229.18032483029094,25620100
2021-03-25,223.8711395263672,228.3034741413882,223.12921682416135,226.72325318085586,34061900
2021-03-26,227.8602752685547,228.08190233048978,223.10998133895845,223.10998133895845,25479900
2021-03-29,226.6654510498047,228.16858632441054,223.4279232650373,227.96623440547395,25227500
2021-03-30,223.3990020751953,225.32610146009205,222.67633980585904,225.01775850125983,24792000
2021-03-31,227.1761474609375,230.38477015809215,223.91934433177798,224.4203943599418,43623500
2021-04-01,233.5163116455078,233.98844166156687,229.37304435678317,229.7777335288069,30338000
2021-04-05,239.9913330078125,240.84889166046807,233.85351136550526,233.9113219956121,36910600
2021-04-06,238.82545471191406,240.30931493909185,237.88118002189182,238.58456726121224,22931900
2021-04-07,240.79110717773438,241.78356236987554,238.17989525757417,238.7772914734949,22719800
2021-04-08,244.0189971923828,244.87655596262505,242.8145598913345,243.55649738550932,23625200
2021-04-09,246.5242156982422,246.6591120785743,243.2385074384209,243.6528267842257,24326800
2021-04-12,246.58206176757812,248.27791902414674,245.33907414633367,245.42580481248447,27148700
2021-04-13,249.06793212890625,249.7424286257036,247.46843622938184,247.8827849143749,23837500
2021-04-14,246.273681640625,249.39557347884994,245.85936229769126,248.0948048163931,23070900
2021-04-15,250.04122924804688,250.45554869783493,248.3357563049484,248.5284486650947,25627500
2021-04-16,251.2359619140625,251.48649426821015,248.2104308752593,250.01226427112198,24878600
2021-04-19,249.30882263183594,251.94896862178302,248.4223734363919,250.70598136176127,23209300
2021-04-20,248.8463592529297,250.7156480558065,247.47810571688026,248.42239502515122,19722900
2021-04-21,251.08177185058594,251.17813270314747,247.87316423723325,249.5015656083509,24030400
2021-04-22,247.79611206054688,252.23806247127882,246.32186735766558,250.7252822460007,25606200
2021-04-23,251.63104248046875,251.97793572411658,247.8924642828433,248.4802449938102,21462600
2021-04-26,252.01644897460938,252.87402244699717,250.68677489533684,252.1224547477529,19763300
2021-04-27,252.42117309570312,253.59670517141066,250.63859986706004,252.04537451332973,31014200
2021-04-28,245.28123474121094,247.18907393112897,243.72991897507123,246.74581985137027,46903100
2021-04-29,243.30596923828125,246.76512440088285,239.92391453120058,246.1484530801518,40589000
2021-04-30,242.9879608154297,243.855164383146,240.50201548140788,240.63691185381683,30945100
2021-05-03,242.67962646484375,245.07887049530544,241.96659439850615,244.16348652412827,19626600
2021-05-04,238.75802612304688,242.0533797589674,236.80202097873325,241.82212248724872,32756100
2021-05-05,237.486083984375,240.40563825470707,236.85978259140512,239.9816740552686,21901300
2021-05-06,240.6272430419922,240.7525091977138,235.77095941511286,237.46680145729601,26491100
2021-05-07,243.25778198242188,245.03071003481767,242.0147945427054,242.9590692028245,27032900
2021-05-10,238.1702117919922,242.55436594120278,238.11240116143676,241.72571259717046,29299900
2021-05-11,237.2548370361328,237.6113604206807,233.72825633008125,235.6360806074667,33641600
2021-05-12,230.2884063720703,235.47230909481863,229.39231209908553,233.34285752909457,36684400
2021-05-13,234.1715087890625,236.6478388542154,232.62019300923683,232.9863466413085,29624300
2021-05-14,239.10487365722656,240.09732876118926,236.54184239891873,236.62855835108564,23901100
2021-05-17,236.24314880371094,237.60175764175742,234.64366720205916,237.5632221163097,24970200
2021-05-18,234.2196807861328,237.4283032972884,234.04623418149055,237.29340691705676,20168000
2021-05-19,234.79913330078125,234.90536910405467,230.4338423981237,231.11953416207322,25739800
2021-05-20,238.04412841796875,239.46381831338093,235.51380358455043,235.6103869428777,21800700
2021-05-21,236.7789764404297,239.8308279648836,236.3637004017269,239.0968445135114,21863100
2021-05-24,242.19699096679688,242.56399008801017,239.0389034036192,239.30931915507537,21411500
2021-05-25,243.1048126220703,244.09955940034632,242.23562127253584,243.15310430516726,17704300
2021-05-26,242.88267517089844,244.28304548417626,242.16799661550857,242.8247163124464,17771600
2021-05-27,240.7772979736328,242.87302739019415,240.71935384710486,242.57363957876439,24426200
2021-05-28,241.13461303710938,243.45248109189532,241.01872479216328,242.40944267772443,18270200
2021-06-01,238.9326629638672,242.6895260844274,238.5077344602041,242.63158195831664,23213300
2021-06-02,238.83607482910156,240.73865207598823,237.42603735048823,239.63766956013188,19406700
2021-06-03,237.30052185058594,237.9089499261885,234.6832657769733,236.8272869148477,25307700
2021-06-04,242.20664978027344,243.03721667775164,239.03890969141557,239.28035338560628,25281100
2021-06-07,245.1232452392578,245.3936609443304,241.26014689644853,241.42432680763184,23079200
2021-06-08,243.92575073242188,247.24801843527007,243.86779186514087,246.4271039524945,22455000
2021-06-09,244.91079711914062,246.78440235278245,244.54381276226331,245.1232687272785,17937600
2021-06-10,248.4358673095703,248.6483389164334,244.98805939193187,245.58683497315405,24563600
2021-06-11,249.06370544433594,249.64314681128238,247.82748526655354,249.16025935675285,18999700
2021-06-14,250.99517822265625,251.05312234156568,248.01090873330963,249.0732667018195,19150500
2021-06-15,249.51751708984375,251.0917344387504,248.86079742069938,250.87926284307397,18038900
2021-06-16,248.57110595703125,251.66156742450917,245.71240625795707,250.52196031099743,27220000
2021-06-17,251.9706573486328,252.79157188164794,247.2480335667178,247.30597770099087,27565500
2021-06-18,250.55096435546875,253.32273348243115,249.89424452552768,250.74413111632654,37202200
2021-06-21,253.6414337158203,254.50095793901875,249.09264278087616,250.92760895761074,26696100
2021-06-22,256.4229431152344,256.69335895047675,253.41936738185964,253.7284224715982,24694100
2021-06-23,256.1910705566406,257.6976768866212,255.37982326150552,256.8864295914861,19518700
2021-06-24,257.56243896484375,258.6827410747314,256.3841927348846,257.05057958881,21446900
2021-06-25,255.94961547851562,258.1033037968489,255.6985340834192,257.1182241550708,25611100
2021-06-28,259.52301025390625,259.69684264758814,256.80918537336294,257.07960114345985,19590000
2021-06-29,262.1112060546875,262.3526496913394,258.80827361022557,259.6677976306942,19937800
2021-06-30,261.6283264160156,262.0725744679508,260.3728312580289,261.425522007778,21656500
2021-07-01,262.3043518066406,262.53612824792566,260.3728028676714,260.38244057065975,16725300
2021-07-02,268.1473388671875,268.48536590593466,263.17360506966617,263.4826600464124,26458000
2021-07-06,268.15704345703125,269.80851016769424,264.91202469468215,268.5143754292633,31565600
2021-07-07,270.34930419921875,271.0833024012596,267.66445171709097,269.83744478808626,23260000
2021-07-08,267.9252624511719,269.1904251024168,265.46251898624683,267.4230406840095,24618600
2021-07-09,268.42742919921875,268.53365027178893,265.89710413753784,266.2834081325927,23916700
2021-07-12,267.8287048339844,270.19483567713723,267.1140113596179,269.6057271297482,18931700
2021-07-13,271.3633728027344,273.16936668942884,267.8962453327776,268.02177128034975,26120100
2021-07-14,272.841064453125,273.95169964474775,270.948124511582,272.6865369391352,23113700
2021-07-15,271.41168212890625,272.8410393972171,270.25274061696695,272.3484848336769,22604200
2021-07-16,271.1412658691406,274.3766172336164,269.89540816708495,272.4160956352856,26186800
2021-07-19,267.5293273925781,270.7743170661028,265.0569458870986,269.38359878513154,32935600
2021-07-20,269.7601623535156,271.3536845134993,266.8048945010074,268.5143048947206,26259700
2021-07-21,271.7690124511719,271.8849007070508,267.79969232178405,269.3545755433379,24364300
2021-07-22,276.3468322753906,276.6172480569608,273.71992348023304,274.1255324160335,23384100
2021-07-23,279.75592041015625,280.064945859468,276.6944021891491,277.53462131256157,22768100
2021-07-26,279.1571044921875,279.7752143127572,276.8296139080566,279.10882755693603,23176100
2021-07-27,276.73309326171875,279.66902715530136,273.2659655945296,279.52416684362873,33604100
2021-07-28,276.42401123046875,280.21949839038996,274.1157957556486,279.09919630124614,33566900
2021-07-29,276.6944885253906,278.7419264472982,276.288850129018,276.4433776384405,18168300
2021-07-30,275.15887451171875,276.84898024407687,274.1930998075141,275.40998536620555,20944800
2021-08-02,275.0719299316406,276.95517272658464,274.02887685382683,276.55920160196104,16267400
2021-08-03,277.293212890625,277.39946342817643,274.2800006972531,275.65141366890487,17879000
2021-08-04,276.7041320800781,277.74715583824053,274.9077757253848,276.42404915109404,16191300
2021-08-05,279.61102294921875,279.71727347035153,276.30809066037955,277.06139359231645,13900200
2021-08-06,279.5531921386719,279.591831386844,277.77616987319374,278.6357236746368,16589300
2021-08-09,278.4617614746094,281.5715566871259,277.9595693217366,279.83317429609684,16117600
2021-08-10,276.6364440917969,279.35026801963676,275.4388931693617,278.91565771489593,18616600
2021-08-11,277.1290588378906,278.7805253038503,276.0763384903963,277.3801402153559,13955900
2021-08-12,279.89117431640625,280.0457018111786,276.5399347983644,276.82001772470846,14561300
2021-08-13,282.82708740234375,282.8753643413786,279.3985700109456,279.5724318322928,18249000
2021-08-16,284.5172424316406,284.72971405197063,280.09397764652635,283.1554965204036,22507600
2021-08-17,283.04925537109375,283.3872824337196,281.1177058396398,282.38289789800046,20075300
2021-08-18,281.31719970703125,285.2747764039946,280.87207162165635,282.58478416986804,21813000
2021-08-19,287.16168212890625,287.83903054796286,279.2949260524418,279.34329542686044,29850500
2021-08-20,294.5059509277344,295.93804471105017,288.40993310312365,290.01619207467786,40817600
2021-08-23,294.7864990234375,295.5122166623576,292.0771649832797,293.4318320033586,22830200
2021-08-24,292.8222351074219,295.75413329406643,292.2223132288288,295.1445257304872,18175800
2021-08-25,292.2320556640625,294.7285119245155,290.6935374583888,294.44789277116877,20006100
2021-08-26,289.40655517578125,292.6384146370942,289.27110321955627,291.2450342127576,17666100
2021-08-27,290.0161437988281,291.1289050222775,287.2196974474057,289.3097679469551,22605700
2021-08-30,293.7608337402344,294.37044130921845,291.31274730875384,291.3708023601306,16348100
2021-08-31,292.1061706542969,294.64133935853647,291.73846902002873,294.5639424758335,26285300
2021-09-01,292.0578308105469,295.3090616023399,291.72884231587955,293.06416766628405,18983800
2021-09-02,291.39990234375,293.53834267993557,290.4613060737352,292.41592505453804,16285600
2021-09-03,291.39007568359375,292.8027973409573,290.5385625105469,291.2449085744698,14747900
2021-09-07,290.4612731933594,291.34181429788396,288.5453971793564,291.264417395407,17180400
2021-09-08,290.4903259277344,290.8773695327646,287.8390462272668,290.0742547905653,15046800
2021-09-09,287.6260986328125,292.3577919400871,287.3841927466621,291.08052177412657,19927000
2021-09-10,286.1359558105469,290.2096722757966,285.8166530274544,288.75823692995704,19633400
2021-09-13,287.37451171875,288.8743459549039,284.5587236147856,287.9163785501458,23652900
2021-09-14,290.08392333984375,291.63212719803187,288.4486368903836,289.86135925357155,21853400
2021-09-15,294.9510803222656,295.4348922001529,292.04820905494216,293.4415896256201,28356300
2021-09-16,295.3381042480469,295.4251868367225,291.02251085299673,293.9253819269781,19550800
2021-09-17,290.1612854003906,294.641387411537,289.83229691858133,294.32208461521674,41372500
2021-09-20,284.7715759277344,289.0484846659132,280.1463369138932,286.73585039423017,38278700
2021-09-21,285.2554626464844,287.90677173611795,284.54911622532234,286.1166619369012,22364100
2021-09-22,288.9129943847656,290.49991100417634,284.97478941737245,287.12291464027965,26626300
2021-09-23,289.86126708984375,291.15787891906757,287.8969927436246,289.1742627352264,18604600
2021-09-24,289.6581115722656,290.09352444599716,287.31644962082186,288.5743779360535,14999000
2021-09-27,284.6458435058594,286.8713659435622,283.4556558635324,286.5520631529288,23571700
2021-09-28,274.3406677246094,281.36562541354573,273.59560808741685,280.41734353295584,43186200
2021-09-29,274.8050842285156,277.48539079265004,273.8471463773085,275.8694760240385,26353700
2021-09-30,272.7924499511719,278.5110792660629,272.5021451623447,276.4597220216069,32343600
2021-10-01,279.7399597167969,280.591473121402,272.18282254521546,272.9859370571118,30086300
2021-10-04,273.9438781738281,278.43366544147926,271.1764891050376,278.09499130654007,31350700
2021-10-05,279.4109802246094,280.99786745988877,274.85345213293385,274.85345213293385,24993000
2021-10-06,283.6201477050781,284.1233308910271,276.26623174874106,276.52747949792473,28002600
2021-10-07,285.30377197265625,287.0358261668495,284.4038892769978,285.62307470902675,20430500
2021-10-08,285.30377197265625,287.0358261668495,284.24906598588615,286.62941133649093,17685700
2021-10-11,284.70391845703125,288.3228214749395,283.2718248179271,283.436333832164,19298600
2021-10-12,283.39764404296875,285.87475844055797,282.8848046449413,285.77799016121577,17974100
2021-10-13,286.716552734375,287.65514882778945,283.9878470364655,285.3618855710783,23416300
2021-10-14,292.94805908203125,293.45121274775926,288.18733774656533,289.5226631039349,27262900
2021-10-15,294.3607482910156,294.5929980202647,290.7902150726535,292.55129699928466,25384800
2021-10-18,297.341064453125,298.2312616290106,292.8899899851107,293.74150347823866,22729300
2021-10-19,298.2506408691406,299.28597570650606,297.27333155744253,298.3667509795345,17682100
2021-10-20,297.4571533203125,299.6730194754048,296.1992250118226,299.19886386495796,16537100
2021-10-21,300.6987609863281,300.95032307705145,296.4411929336818,297.22499532528525,16918100
2021-10-22,299.1505432128906,301.0180498454364,297.83455964059056,300.35038713771274,17449300
2021-10-25,298.15386962890625,299.382740991033,296.5379251966183,299.344027778111,17554500
2021-10-26,300.0697937011719,302.2856604068815,298.6087018858251,300.9309930322573,28107300
2021-10-27,312.7069091796875,315.5420390354702,305.76903547667126,305.76903547667126,52588700
2021-10-28,313.8487243652344,314.35187801269495,310.95550968613065,313.82935299410144,26297900
2021-10-29,320.8833312988281,321.25103298902206,313.4132759770589,313.63584003415747,34766000
2021-11-01,318.7061767578125,320.7575340415981,315.8033059910529,320.63173825031396,27073200
2021-11-02,322.344482421875,322.6541290876948,319.31581556767475,319.6157765472091,26487100
2021-11-03,323.186279296875,324.0571346226076,319.94473436209347,323.0895110318984,21500100
2021-11-04,325.5472717285156,325.64403999007624,318.841647568701,322.11221991456915,23992200
2021-11-05,325.1795654296875,327.82118833215054,323.592678174856,327.5502549213487,22570100
2021-11-08,326.0794677734375,326.718102893488,323.61203940329,326.3794287273133,20897000
2021-11-09,325.07318115234375,327.7534880662082,323.6991425589229,326.1955986145931,21307400
2021-11-10,320.0898132324219,323.7958274410207,319.23832943371787,323.7377723985982,25500900
2021-11-11,321.6671142578125,322.9637263705038,319.80929343616174,320.52532546851364,16849800
2021-11-12,325.81817626953125,326.3116736890881,322.9830465871682,323.1088423630964,23831000
2021-11-15,325.1893310546875,326.94072773532577,323.21537027386427,326.6117391934443,16723000
2021-11-16,328.5178527832031,329.64029954864577,324.64735891458355,324.81183836746607,20886800
2021-11-17,328.7408142089844,331.71686021606945,327.65509790786484,328.5663304284938,19053400
2021-11-18,330.8250427246094,331.96895000015803,326.80206399132175,327.8296191496973,22463500
2021-11-19,332.60870361328125,334.53781745644864,331.7265812593797,332.15311691229243,21963400
2021-11-22,329.42913818359375,338.96800083487767,329.1577090566747,334.0725435603883,31031100
2021-11-23,327.34490966796875,329.060755723805,323.35101172103555,326.73418680630175,30427600
2021-11-24,327.5679016113281,327.81025009025836,323.6903259484439,325.98778479533405,21661300
2021-11-26,319.5897521972656,327.58725133037314,318.07750018241677,324.11683442028453,24217200
2021-11-29,326.32696533203125,328.6535040056346,324.49479726705914,324.6886878163362,28563500
2021-11-30,320.471923828125,327.4418682918144,318.9208876812045,325.057167596262,42885600
2021-12-01,319.9775390625,328.8959751540694,319.3086844600099,324.87299621520316,33337600
2021-12-02,319.4056091308594,323.2831850038461,317.767330957838,320.1908158784547,30766000
2021-12-03,313.1238708496094,322.5172982396673,308.29627953736457,321.8290074073562,41779300
2021-12-06,316.20654296875,317.42798853456475,309.45957089532595,314.0351104815673,30032600
2021-12-07,324.66937255859375,325.5224142210023,319.9968875145801,321.4897621950075,31021900
2021-12-08,324.7178955078125,325.2316731225476,320.6755096835337,325.0474859037222,24761000
2021-12-09,322.90509033203125,326.1913200286441,321.95507372960486,324.1749938812404,22214200
2021-12-10,332.05621337890625,332.50212631447465,324.5434102333168,324.7275974513125,38095700
2021-12-13,329.01226806640625,333.26792128473744,328.70205493313443,330.253091015941,28899400
2021-12-14,318.29071044921875,324.3979082511079,314.19016462153087,323.02135623855355,44438700
2021-12-15,324.4076232910156,324.93110421678887,314.56828231856264,318.5524765632328,35381100
2021-12-16,314.9560852050781,326.45311271750325,313.1336198644179,325.435231330319,35034800
2021-12-17,313.8897399902344,314.97548603264545,307.54022163698255,311.05912630586664,47750300
2021-12-20,310.1187744140625,312.92030711538064,307.8503964698501,310.2544741627499,28326500
2021-12-21,317.27294921875,317.6994849167661,310.0121685299449,313.3953734793708,24740600
2021-12-22,323.0019836425781,323.39940901494424,315.77998894607936,318.2519309785469,24831500
2021-12-23,324.4464416503906,326.09442308787044,322.54643791969477,322.5658151473103,19617800
2021-12-27,331.9689025878906,331.9979832171421,325.16373950754667,325.19282013679816,19947000
2021-12-28,330.8056640625,333.287310047464,329.9041348473056,332.6475065317783,15661500
2021-12-29,331.4842529296875,333.7623049071674,329.28370986318623,330.85412323356366,15042000
2021-12-30,328.93475341796875,332.62814190201897,328.4500564559301,331.4454801313024,15994500
2021-12-31,326.0265808105469,328.97351712242266,325.5709644700807,328.14955593063877,18000800
2022-01-03,324.50457763671875,327.6551075166869,319.68668922154853,325.0862198389616,28865100
2022-01-04,318.9403076171875,324.9408584339229,316.1387449484789,324.5821578282409,32674300
2022-01-05,306.6968078613281,316.0902359259385,306.3090562672879,315.8866419326383,40054300
2022-01-06,304.27337646484375,308.9458623840181,301.95651073409414,303.5657082342745,39646100
2022-01-07,304.4283752441406,306.8130752231459,300.59925868044957,304.5349943403251,32720000
2022-01-10,304.6513977050781,305.08763677546057,295.36461754386573,300.0176962380316,44289500
2022-01-11,305.3396301269531,306.91971696560233,300.4054198756666,303.7885943316387,29386800
2022-01-12,308.5290222167969,313.51172164936673,307.37544097333597,309.8861975033797,34372200
2022-01-13,295.4713134765625,311.05918736285963,294.6958100204592,310.66173222694954,45366000
2022-01-14,300.7059631347656,301.3069825464873,294.45336140484744,294.93805829604884,39846400
2022-01-18,293.38702392578125,300.31818359101004,292.50487202896295,294.7635761210545,42333200
2022-01-19,294.0461730957031,304.3023748372824,293.4354799250778,296.9155996999581,45933900
2022-01-20,292.36920166015625,302.11159837189933,291.9232887564094,299.6105751651282,35380700
2022-01-21,286.9696350097656,294.80232361257026,286.56247661178855,293.4258010333453,57984400
2022-01-24,287.2992248535156,288.01656677151595,267.6011364861104,283.2568694279383,85731500
2022-01-25,279.6604309082031,285.9614911267102,276.4420657108663,282.59769318056505,72848600
2022-01-26,287.62884521484375,299.0580071592012,284.06148289400227,298.5636068216338,90428900
2022-01-27,290.6630859375,297.89475670818956,288.81153989507334,293.39678404727476,53481300
2022-01-28,298.825439453125,299.0387073418363,285.4381090873373,291.04120589050405,49743700
2022-01-31,301.4621276855469,302.81927323790046,296.99320639325083,299.49425923874566,46444500
2022-02-01,299.31005859375,301.1228203841136,295.7911541378428,300.90955255092064,40950400
2022-02-02,303.8662109375,305.4754084003278,299.42639978521,300.1534452277407,36636000
2022-02-03,292.0299072265625,301.7044688280811,290.77938083421395,300.0177033550017,43730000
2022-02-04,296.5762939453125,299.3487455682961,290.7890127046901,291.02165771261986,35096500
2022-02-07,291.7391357421875,298.4182450097808,290.72125429341827,296.7993735987438,28533300
2022-02-08,295.2386169433594,296.20801088645777,290.7697250657824,292.02992535838814,32421200
2022-02-09,301.68505859375,302.3830233648674,297.98199648655384,300.38607435541684,31284700
2022-02-10,293.1253662109375,299.65907238795467,291.4967913701145,294.7345638215926,45386200
2022-02-11,286.00994873046875,294.97684118279875,285.21503873193984,293.91050210959537,39175600
2022-02-14,285.9712219238281,287.6773647823829,282.4329398404649,284.7788566874214,36359500
2022-02-15,291.2737731933594,291.59366014918345,287.9293525556165,290.8278603028446,27058300
2022-02-16,290.933837890625,292.2646490336459,285.28029175577853,289.8361528909863,29982100
2022-02-17,282.4147033691406,288.31106987595297,281.7055717749834,287.8836521540953,32461600
2022-02-18,279.6946716308594,285.4550557395537,278.12101131803615,284.6682255831421,34264000
2022-02-22,279.4906921386719,283.2014403886753,276.36278873938284,276.848487840858,41736100
2022-02-23,272.2537841796875,283.35688900587667,272.08866307378963,281.88034465353195,37811200
2022-02-24,286.1641540527344,286.71785806769293,263.7539934498833,264.7156976981578,56989700
2022-02-25,288.8064270019531,289.11728157354844,283.30830905134627,286.69850928615546,32546700
2022-02-28,290.2441101074219,290.58410544575923,284.61970557723305,285.892234995096,34627500
2022-03-01,286.513916015625,291.39032439377746,283.7939832206837,287.9224256437058,31217800
2022-03-02,291.60406494140625,292.8474536090081,285.2996993116975,286.9121944404564,31873000
2022-03-03,287.4562072753906,294.459980944355,285.6396674940799,294.2268548311277,27314500
2022-03-04,281.56951904296875,287.20364741070586,278.9564846846294,285.872836378718,32356500
2022-03-07,270.9327392578125,281.40441313154366,270.5636031118159,280.27758739708514,43157200
2022-03-08,267.960205078125,275.83823041762696,262.27751955874135,269.8544138214388,48159500
2022-03-09,280.24835205078125,281.3168958904903,272.74915752761984,275.33308003283713,35204500
2022-03-10,277.4216613769531,278.40278323268905,272.5549459789459,274.9251604113095,30628000
2022-03-11,272.0595397949219,281.2295424824958,271.43783062877634,279.72385727089465,27209300
2022-03-14,268.5333251953125,277.2370449099139,267.93106304456427,272.32177230866523,30660700
2022-03-15,278.93695068359375,279.58780043606373,270.757795511424,272.33145564625056,34245100
2022-03-16,285.969970703125,286.1448152890781,275.10002093883594,280.8409590240361,37826300
2022-03-17,286.7762145996094,287.1550445309803,281.09352847125103,284.9014229476991,30816600
2022-03-18,291.8371276855469,292.3908317241421,284.35738000966694,286.92185561020017,43390600
2022-03-21,290.60345458984375,291.55543538499245,286.4652892625183,290.34118777906053,28351200
2022-03-22,295.3633728027344,296.2764896012802,290.22466735470084,291.22520644527026,27599700
2022-03-23,290.9240417480469,294.5570912283593,289.2046775806365,291.91488689936887,25715400
2022-03-24,295.4022521972656,295.49939796385246,289.7875707673661,290.584124550762,24484500
2022-03-25,294.9942626953125,296.7622149202099,290.7298390811115,296.49994802102367,22566500
2022-03-28,301.8134765625,301.91059268087037,295.6256442255647,295.6256442255647,29578200
2022-03-29,306.38873291015625,306.7870097595386,300.21062447729247,304.9316355003431,30393400
2022-03-30,304.883056640625,306.913305177859,302.668269699275,304.78594052626613,28163600
2022-03-31,299.49176025390625,306.12642619727325,299.08378963331245,304.9218723368905,33422100
2022-04-01,300.5700378417969,301.25972224894343,296.8010081609625,300.52145014597426,27110500
2022-04-04,305.9613342285156,306.09731457992234,300.85176950899194,301.2209056188057,24289600
2022-04-05,301.98834228515625,305.86421245270554,301.0072204052596,304.30996906857746,23156700
2022-04-06,290.933837890625,298.2193263186039,288.2236278948929,296.4610974828966,40110400
2022-04-07,292.75030517578125,294.96509214612985,287.87389631112285,288.17502741691453,31411200
2022-04-08,288.4761962890625,292.507493891378,287.80592899300956,291.84695006605057,24361900
2022-04-11,277.10113525390625,284.2408902466413,276.8485621670197,283.44436603636495,34569300
2022-04-12,273.9925842285156,282.4243138069995,272.46748188240565,280.96721645218093,30966700
2022-04-13,279.3935546875,280.3260886895071,273.2543107477834,274.6434327492474,21907200
2022-04-14,271.82635498046875,280.06382268306834,271.33096203916773,279.85011388563913,28221600
2022-04-18,272.4966125488281,274.381127429491,270.3789715863415,270.9326756753933,20778000
2022-04-19,277.1399841308594,277.9851257394435,270.44706378599807,271.38932153017873,22297700
2022-04-20,278.1695861816406,281.4140823953161,277.20791140895244,281.1226451360591,22906700
2022-04-21,272.7782897949219,284.91104220868584,272.0497412420752,280.32604213031544,29454600
2022-04-22,266.1922607421875,275.0999957209801,265.5608578098642,273.6234514112398,29405800
2022-04-25,272.6909484863281,273.0697784310283,263.0255229577328,265.4734657946964,35678900
2022-04-26,262.4912414550781,270.39840795008814,262.27753265009284,269.56301966815096,46518400
2022-04-27,275.1194152832031,282.6477517681087,271.1755407349465,274.0314539795078,63477700
2022-04-28,281.3460388183594,282.65743219336,273.4097032307675,277.0330288464163,33646600
2022-04-29,269.58245849609375,281.58895747620693,268.5916428545901,280.3552626033105,37073900
2022-05-02,276.33367919921875,276.79023759197617,268.3196431194536,269.76701711906315,35151100
2022-05-03,273.7206726074219,276.00346504859033,272.13728828344694,275.83831425721644,25978600
2022-05-04,281.6861267089844,282.5603793648833,268.8150975432188,274.5074780995146,33599300
2022-05-05,269.4173278808594,278.15991269271166,266.49340947413936,277.3730824312229,43260400
2022-05-06,266.87225341796875,271.262962860932,263.5111941095832,266.9499522347346,37780300
2022-05-09,257.0125732421875,264.570051538234,255.7886314279648,262.3358470968672,47726000
2022-05-10,261.7918395996094,265.92028233912083,257.4885522823345,263.9192042299002,39336400
2022-05-11,253.09780883789062,263.59862182505924,251.88356099344725,258.08108673464193,48975900
2022-05-12,248.0465850830078,252.44701860866542,242.86902988003934,250.31965376069257,51033800
2022-05-13,253.65155029296875,255.5166483001496,248.04659209038286,249.98938892736297,34925100
2022-05-16,254.02069091796875,258.21713927463696,248.46429068036022,252.52472902657055,32550900
2022-05-17,259.1884765625,260.65526769584517,254.95316496707787,258.4987624917142,28828800
2022-05-18,247.38775634765625,256.65701201678286,246.11226298137035,256.07280955033957,31356000
2022-05-19,246.4724884033203,250.8831853898143,245.24568117323753,247.21246524508516,32692300
2022-05-20,245.90777587890625,251.73027831632496,239.94897637698514,250.4645014140494,39199300
2022-05-23,253.7847137451172,254.61233147277377,246.75488068951682,248.76063467153455,33175400
2022-05-24,252.7818145751953,254.44676623936746,246.8230151760362,251.09740039179286,29043900
2022-05-25,255.60540771484375,257.61114646957344,250.35739175795942,251.34079861740852,28547900
2022-05-26,258.89642333984375,260.0745446906605,254.54415799599684,255.36202957362127,25002100
2022-05-27,266.0430908203125,266.14046285160765,260.51270412250375,261.4084852111383,26910800
2022-05-31,264.7091369628906,267.53274712702495,261.846572049841,265.3517566080413,37827700
2022-06-01,265.24468994140625,270.37587169394226,262.9273724680771,267.9514657945236,25292200
2022-06-02,267.3478088378906,267.41597223525304,254.70970880591457,257.48464843811894,44008200
2022-06-03,262.907958984375,266.2476391329788,261.3403788792125,263.19032902265235,28059000
2022-06-06,261.6712951660156,266.95826527285715,260.18159558580714,264.89410948472664,22400300
2022-06-07,265.3226013183594,265.9360124535927,258.93538804537525,259.616962576473,22860700
2022-06-08,263.2876281738281,265.8094061537368,262.5086816828443,264.5533753652425,17372300
2022-06-09,257.815673828125,265.52705139070684,257.65988452101186,260.72691036326086,26439700
2022-06-10,246.32644653320312,253.71651344444265,245.87855603655115,253.71651344444265,31422800
2022-06-13,235.87904357910156,242.46099963563907,235.1682754046893,238.65398260797576,46135800
2022-06-14,238.05032348632812,239.2673994308343,235.14880373766889,237.43691245609412,28651500
2022-06-15,245.12884521484375,248.57561287293495,239.92949994824272,241.76971832268623,33111700
2022-06-16,238.51768493652344,240.90315090086327,236.61904936722786,239.50107698603435,33169200
2022-06-17,241.12710571289062,243.90204510292367,237.60245815862066,238.25480915111956,43084800
2022-06-21,247.0566864013672,248.04007841973456,242.93809069276986,243.66833626220972,29928300
2022-06-22,246.4627685546875,250.39636659426804,243.7754551783502,245.2554237872834,25939900
2022-06-23,252.0417938232422,252.5383702872365,246.94956739352173,248.83847152325595,25861400
2022-06-24,260.64898681640625,260.92161062965107,254.82648500967505,254.91411090888582,33923200
2022-06-27,257.9129943847656,261.23315118888274,256.3453852230229,261.1455252924523,24615100
2022-06-28,249.72451782226562,259.87979223071875,249.5687285378828,257.0269733877671,27295500
2022-06-29,253.40492248535156,255.0698738258011,249.02343483819726,250.80523555573384,20069800
2022-06-30,250.0652618408203,252.6941575882984,246.23878246192106,250.27946838108716,31730900
2022-07-01,252.74285888671875,252.9278568169159,247.90377835039504,249.63690825299287,22837700
2022-07-05,255.92674255371094,256.05332320960474,248.03035301549468,249.41294954344485,22941000
2022-07-06,259.1982421875,260.93135728272176,255.4885967886615,256.8030448567487,23824400
2022-07-07,261.3305358886719,261.9731555407947,258.03955784314934,258.1369298596105,20859900
2022-07-08,260.610107421875,261.03852063995714,256.35521359634475,257.81570509968606,19658800
2022-07-11,257.54302978515625,259.50981391999767,255.2743834632221,258.652987654912,19455200
2022-07-12,246.98851013183594,258.9353311845488,245.40143842284593,258.8769139191426,35868500
2022-07-13,246.06356811523438,246.8717083934276,241.57499105873987,243.60020738417253,29497400
2022-07-14,247.38775634765625,248.41983449573837,239.46215743721774,243.97021203255457,25102800
2022-07-15,249.95822143554688,253.51207769247128,248.05958569750663,248.98456055892254,29774100
2022-07-18,247.5532684326172,253.96968979900382,246.62829360650758,252.9084030496453,20975000
2022-07-19,252.69419860839844,252.87919654655826,246.99827670674873,250.79554806992488,25012600
2022-07-20,255.3619842529297,257.8935080470183,252.09049852304295,253.0544131195691,22788300
2022-07-21,257.8642883300781,257.91298919184743,250.26000087291848,252.94731383107506,22404700
2022-07-22,253.50228881835938,258.34138374754764,252.24628789327303,258.2537578490835,21881300
2022-07-25,252.01260375976562,254.6122910869873,250.04581970339262,254.12546070249977,21056000
2022-07-26,245.26512145996094,253.03494445018256,242.99650513009456,253.01545221960467,39348000
2022-07-27,261.6615905761719,262.937083830948,252.03210083704948,254.28125487951846,45994000
2022-07-28,269.1295471191406,270.5218747343421,260.8144767467311,262.64496354528995,33459300
2022-07-29,273.34552001953125,274.5723421203902,269.3437884448539,270.38561261895575,32152800
2022-08-01,270.68743896484375,273.87129897154,268.5745820293401,270.50244104227005,21539600
2022-08-02,267.5814514160156,270.57059701596864,265.20571683581875,268.73036395670016,22754200
2022-08-03,275.02996826171875,276.0328377004394,269.3243005039463,269.4703733954384,23518900
2022-08-04,276.1789245605469,276.32496776136855,272.79060344638594,274.37764584701426,18098700
2022-08-05,275.45831298828125,276.17881229530536,271.3397181166504,271.7973397690538,16774600
2022-08-08,272.9366455078125,278.38915278799755,271.9629845547,276.5683818461068,18739200
2022-08-09,274.8643798828125,275.62383397438697,270.29790921880596,272.27446879357535,23405200
2022-08-10,281.5437927246094,282.1766663743065,279.3822643126082,280.5798779306673,24687800
2022-08-11,279.4600524902344,283.539692748857,278.9635057935466,283.18918919825387,20065900
2022-08-12,284.2213134765625,284.2213134765625,279.38221835406904,280.8816642309204,22619700
2022-08-15,285.740234375,286.43152521881507,282.4687186563289,283.335291025511,18085700
2022-08-16,285.0002746582031,286.2952602991827,282.7706125837728,284.29923761934236,18102900
2022-08-17,284.2489013671875,286.22962671486226,282.44379979769025,282.7072354649564,18253400
2022-08-18,283.1268310546875,284.8245871918749,282.0632619914761,283.14633488290866,17186200
2022-08-19,279.20440673828125,282.22916781980774,278.6287311100717,281.88765725342205,20570000
2022-08-22,271.0083312988281,275.6039997944986,270.4911968802227,275.23321855533953,25061100
2022-08-23,269.7301330566406,272.0913771117212,268.71536804172104,269.7301330566406,17527400
2022-08-24,269.09588623046875,270.5009361638899,268.4323689230805,268.7251050290327,18137000
2022-08-25,272.0816345214844,272.2474915307141,267.8567175355643,270.5985095814994,16583400
2022-08-26,261.5827941894531,273.5354566259213,261.47547845229536,272.306030389581,27549300
2022-08-29,258.792236328125,260.90954849813465,257.4457275056932,259.39718266241346,20338500
2022-08-30,256.5870361328125,260.5679908317506,254.33310821600745,260.1972394314792,22767100
2022-08-31,255.12347412109375,260.62656181274116,254.98685797633354,258.94833907545143,24791800
2022-09-01,254.0794219970703,254.55754869576876,249.21055155068686,252.58656018980582,23263400
2022-09-02,249.8447723388672,258.3140795897483,248.29336924253226,255.34788953507936,22855400
2022-09-06,247.10296630859375,251.5717847396317,245.8247657850576,249.98137407563812,21328200
2022-09-07,251.82550048828125,252.54752929130373,247.07371244859434,248.51778494305904,24126700
2022-09-08,252.24505615234375,254.10869920307312,248.6055968388462,251.2595916507078,20319900
2022-09-09,258.0408935546875,258.7922228079521,253.97212644052357,254.1770208837589,22084700
2022-09-12,260.177734375,260.95833424847086,258.7239099148687,259.3288562062833,18747700
2022-09-13,245.87356567382812,254.07942221942037,245.48326576047728,252.55728977840053,33353300
2022-09-14,246.09799194335938,248.0591988641248,243.79527444125134,247.37619258985976,23913000
2022-09-15,239.4240264892578,245.29789551034108,238.09703645062885,243.7074697578199,31530900
2022-09-16,238.79954528808594,239.34595028666865,236.1845879383292,238.3311853849411,39791800
2022-09-19,238.5849151611328,239.18986150437627,235.0039966821536,236.58467061820082,26826900
2022-09-20,236.56512451171875,237.59939325821156,233.82333267549006,236.19435819350156,26660300
2022-09-21,233.15008544921875,241.64867860903064,233.10129609605303,238.3409629469102,28625600
2022-09-22,235.1307830810547,237.94088273820054,231.80356398492458,232.09627029219521,31061200
2022-09-23,232.14508056640625,235.27717233231257,229.49110062617243,233.72575432183234,34176000
2022-09-26,231.6864776611328,235.58938742131502,231.1498245914239,231.29619264048225,27694200
2022-09-27,230.6717529296875,235.93092381180116,228.8081097419373,234.15509253004862,27018700
2022-09-28,235.21861267089844,236.4480238413735,229.03248960797112,231.06200439699091,29029700
2022-09-29,231.73529052734375,234.12582002036274,228.72029600486158,233.0915512111038,27484200
2022-09-30,227.24691772460938,234.70147486593402,227.0810458443,232.50608809787929,35694800
2022-10-03,234.89663696289062,235.74551509921386,228.96421214667737,229.696007750658,28880400
2022-10-04,242.83909606933594,244.28316878554827,239.03374939886044,239.14108003314513,34888400
2022-10-05,243.1512908935547,244.49779961267382,238.17508955877648,240.01921394484737,20347100
2022-10-06,240.7997589111328,244.2635941648011,240.10700079345034,241.9120875535179,20239900
2022-10-07,228.55438232421875,235.46253382440418,227.51034690185645,235.05271523111307,37769600
2022-10-10,223.68551635742188,228.86662669875534,221.2266790317585,227.39328361932908,29743600
2022-10-11,219.93875122070312,223.5001508325825,218.67030242454715,222.09510077458947,30474000
2022-10-12,220.27047729492188,222.32926286096713,218.52393166705397,219.92896672359288,21903900
2022-10-13,228.55438232421875,230.36923581061,213.81114130889077,214.51366619964983,42551800
2022-10-14,223.01229858398438,231.48162192093224,222.7976373202271,229.82287308491303,30198600
2022-10-17,231.76454162597656,233.15983963119882,229.43255359972767,230.09605601233935,28142300
2022-10-18,232.71099853515625,238.00919148115057,229.65696682991847,237.33595204197528,26329600
2022-10-19,230.74005126953125,233.79408332375263,228.6032055120039,231.2864563258372,19985700
2022-10-20,230.4180450439453,235.45280255812088,229.16911502485962,230.04727871505503,21811000
2022-10-21,236.24314880371094,237.10179380895985,228.80810966337896,229.04228963437978,26299700
2022-10-24,241.24862670898438,241.824302366333,235.44305100550176,237.84333234120828,24911200
2022-10-25,244.57586669921875,244.94663303718434,239.86310093391776,241.25838415797844,34775500
2022-10-26,225.70529174804688,232.51586550821546,224.47586557326218,225.55892369044773,82543200
2022-10-27,221.2462158203125,228.01776721146956,220.29975893201416,225.4320803427003,40424600
2022-10-28,230.14483642578125,230.85712820733676,220.5632002940726,220.7485908978084,40647700
2022-10-31,226.49560546875,229.21787835594273,225.53938189986465,228.08603100200816,28357300
2022-11-01,222.63172912597656,230.017993023999,221.81212164618157,228.90566433330028,30592300
2022-11-02,214.75762939453125,225.68577445191593,214.69907323807044,223.8904394193755,38407000
2022-11-03,209.04962158203125,215.06010669058617,208.78617098234167,214.74786673711404,36633900
2022-11-04,216.0163116455078,216.21145416874165,208.2495141580714,212.2695216011054,36789100
2022-11-07,222.33901977539062,222.86592096080787,215.90897914921476,216.60175222236109,33498000
2022-11-08,223.3147735595703,226.02729512700728,220.35832008938957,223.14890165231517,28192500
2022-11-09,219.0605926513672,223.08060038720865,218.88496883419077,221.85117411328872,27852900
2022-11-10,237.082275390625,237.42378598771606,229.29597372810505,229.7155294272081,46268000
2022-11-11,241.1120147705078,241.97065970506623,236.05773875356564,237.0920223740199,34620200
2022-11-14,235.6869659423828,237.98968329468502,233.40376730762415,236.11628839782514,31123300
2022-11-15,236.09678649902344,241.00469467728894,234.20387274977523,239.69722338869778,31390100
2022-11-16,236.52732849121094,238.55278379675173,235.24552553609306,237.56451210587485,24093300
2022-11-17,236.47837829589844,238.01459476890207,232.51555731599112,232.6623229336254,23123500
2022-11-18,236.02828979492188,238.49405671182296,233.88542217086078,238.26899618839067,27613500
2022-11-21,236.84042358398438,239.4040292254599,235.99893254382687,236.23375753060137,26394700
2022-11-22,239.75628662109375,240.03025906494594,235.5292725371043,238.3472769496378,19665700
2022-11-23,242.2513885498047,242.93631960820255,239.0126313855125,239.83454865558997,19508500
2022-11-25,242.16336059570312,243.34730980799523,241.4197082669452,241.98722691191023,9200800
2022-11-28,236.55667114257812,241.34142463276635,235.61734127784246,240.78370032502562,24778200
2022-11-29,235.15745544433594,237.56450128373822,233.0830883095049,236.20441840998745,17956300
2022-11-30,249.64869689941406,249.83460997466,234.69756499927473,235.3922904493445,47594200
2022-12-01,249.2083740234375,250.60758932902792,245.519510598115,248.4060155091771,26041500
2022-12-02,249.5312957763672,250.54890564202378,244.3160097552262,244.4432165873255,21528500
2022-12-05,244.81500244140625,248.3571002025663,242.72106174519686,246.58604385679737,23435300
2022-12-06,239.84434509277344,246.43928730732753,238.53318912634793,245.42167750975,22463700
2022-12-07,239.11050415039062,240.8619869599087,236.99700443112582,239.56061029870315,20481500
2022-12-08,242.07525634765625,243.38642715920767,237.8286688296212,239.57035707306187,22611800
2022-12-09,240.13787841796875,242.96567699688347,238.905002491201,239.43337362256503,20609700
2022-12-12,247.07528686523438,247.10463998852305,241.8502218945569,242.12419433216994,30665100
2022-12-13,251.39039611816406,258.2397370836631,247.62325261498822,256.0577219976388,42196900
2022-12-14,251.68389892578125,256.9383165522958,248.83652677706732,251.59583956374928,35410900
2022-12-15,243.65060424804688,248.72890334765495,242.01654910193713,248.25923846820703,35560400
2022-12-16,239.42361450195312,244.46276665797367,238.26900351655553,243.20053750203124,86102000
2022-12-19,235.27484130859375,239.9324023668118,233.57230052478496,239.5899293723979,29696400
2022-12-20,236.59579467773438,237.68190498867048,233.2885368978721,234.24744039254352,25150800
2022-12-21,239.16917419433594,240.3335644481044,234.94216046535638,236.48815622889643,23690600
2022-12-22,233.06349182128906,236.78170824975606,228.83646305704173,236.0674091280564,28651700
2022-12-23,233.59185791015625,233.72884412102013,228.9049586888203,231.02825242239908,21207000
2022-12-27,231.8599853515625,233.78757187810967,230.75430123545564,233.56252628177612,16688600
2022-12-28,229.48223876953125,234.56053743355008,229.12998640756533,231.79144538011323,17457100
2022-12-29,235.82281494140625,236.7132328912707,230.57817587734075,230.57817587734075,19770700
2022-12-30,234.658447265625,234.79543349859023,231.56645522969035,233.0830981213351,21938500
2023-01-03,234.423583984375,240.46078689316013,232.290495791577,237.84825439790933,25740000
2023-01-04,224.16915893554688,227.8580076648185,221.096740762334,227.28070963200992,50623400
2023-01-05,217.52528381347656,222.6525101847704,216.9871183182412,222.31003716133554,39585600
2023-01-06,220.0889129638672,220.9010509921565,214.62902224661136,218.2004587609046,43613600
2023-01-09,222.23175048828125,226.26308695168126,221.53703999477176,221.57617251580095,27369800
2023-01-10,223.9245147705078,226.3315603384629,222.43722523551887,222.85796326790341,27033900
2023-01-11,230.6956024169922,230.87172116839204,226.135894512617,226.31201326401685,28669300
2023-01-12,233.37661743164062,234.73670029298546,228.53315774154953,230.19656617961186,27269500
2023-01-13,234.08111572265625,234.21810194476328,229.86388103095572,231.89911556681622,21333300
2023-01-17,235.177001953125,235.72494679850365,231.98715671264935,232.8482214298885,29831300
2023-01-18,230.73471069335938,237.16331319071614,230.4509588691296,236.37074903194667,30028700
2023-01-19,226.93821716308594,230.4509617716894,225.71512062356072,228.74840601373435,28623000
2023-01-20,235.0498046875,235.5586170347546,229.46269305633442,229.80516606379726,35389800
2023-01-23,237.3590087890625,239.89326123728026,234.49206273479518,235.91086666584914,31934000
2023-01-24,236.8306427001953,238.69953795471773,235.2650879547733,237.28074883436128,40234400
2023-01-25,235.43141174316406,238.0635179347867,225.93039107535145,229.4333414223457,66526600
2023-01-26,242.66236877441406,242.96569434652147,236.79150501374275,238.4059865757759,33454500
2023-01-27,242.81893920898438,244.45299456794697,241.51756256086654,243.63107718925548,26498900
2023-01-30,237.48622131347656,240.31401998539118,236.98718835759996,239.24746842953175,25867400
2023-01-31,242.4764404296875,242.61342664492787,237.72104048580297,238.21027910171549,26541100
2023-02-01,247.3101348876953,249.6878275342772,240.18682141552847,242.66236776319857,31259900
2023-02-02,258.90509033203125,258.9931497026044,251.71327646099442,253.2494929338685,39940400
2023-02-03,252.78958129882812,258.51367868054353,251.5664848437929,253.9539715128819,29077300
2023-02-06,251.24359130859375,252.74066029817823,249.29643114757204,251.8991842011105,22518000
2023-02-07,261.8013916015625,262.985340807931,254.48237043515354,254.92269717724312,50841400
2023-02-08,260.9892578125,270.8033838180028,260.4804305117884,267.3200070611244,54686000
2023-02-09,257.9461669921875,268.0832067953903,257.1438084833281,267.9070581968134,42375100
2023-02-10,257.4374084472656,258.4060915123102,255.04992121599022,255.90119177142458,25818500
2023-02-13,265.48046875,268.68987310618746,261.4002052618533,261.879679445157,44630900
2023-02-14,266.3121643066406,269.0518886421272,263.4843507418386,266.8014029280315,37047900
2023-02-15,264.1835632324219,265.566675446504,261.10343462754037,263.20263513184307,28922400
2023-02-16,257.1502685546875,261.6527244708974,256.9050365553152,258.98459912030484,29603600
2023-02-17,253.1382598876953,255.12954239341835,251.11755074141655,254.44291080193668,30000100
2023-02-21,247.85107421875,250.6172983438043,246.79167019007645,249.62655149140514,28397400
2023-02-22,246.7132110595703,249.4892392663738,245.56552702514333,249.2440072512969,22491100
2023-02-23,249.9110565185547,251.94156990467263,245.70286658270774,250.68598313263473,29219100
2023-02-24,244.46688842773438,246.21293914937976,243.3682538076719,245.19278056900376,24990900
2023-02-27,245.38894653320312,247.99821854657074,244.63362779927607,247.64508387583098,21190000
2023-02-28,244.66307067871094,246.69359891216772,243.98622793422533,244.3197548443397,22491000
2023-03-01,241.5731658935547,246.14427943595706,241.10230963165003,245.97752345611474,27565300
2023-03-02,246.3208465576172,246.60530911013456,240.92574220982544,241.84781698411012,24808200
2023-03-03,250.4210968017578,250.74480483048058,246.59548367643978,247.38022905203076,30760100
2023-03-06,251.97100830078125,255.159024778159,251.09798284876422,251.53939752130754,24109800
2023-03-07,249.3028564453125,252.77535010371997,248.5573565201222,251.41184575322433,21473200
2023-03-08,248.8614501953125,249.68542618790528,246.02656865087874,249.19496214929893,17340200
2023-03-09,247.50778198242188,254.60969174965638,246.78188980997717,250.94103028534124,26653400
2023-03-10,243.8489227294922,247.96881792392284,242.8778134502719,246.29143918648296,28333900
2023-03-13,249.07725524902344,252.99116366046172,241.0434519121512,242.68160000285428,33339700
2023-03-14,255.8162841796875,256.09094288956,250.98030017157734,251.85332570676704,33620300
2023-03-15,260.3775634765625,261.39773710687786,254.26637049083152,255.02170430462056,46028000
2023-03-16,270.9323425292969,271.28546226233277,258.25873880453594,260.15192277848104,54768800
2023-03-17,274.1007385253906,277.926352222168,271.05006642858564,272.95306938413273,69527400
2023-03-20,267.0379943847656,272.1878655008875,264.7033813557704,271.69740158506636,43466600
2023-03-21,268.5584716796875,269.7552050595554,264.3797087419352,269.6374984870352,34558700
2023-03-22,267.096923828125,275.6800448026521,266.98900616938766,268.1857396626866,34873300
2023-03-23,272.3644714355469,275.6996206406408,269.95139694314116,272.63913007748295,36610900
2023-03-24,275.218994140625,275.27784742962956,270.02987629936445,271.9524869231275,28172000
2023-03-27,271.10888671875,276.09198781080295,270.26527306825443,275.1503053082786,26840200
2023-03-28,269.9808349609375,270.8734830687269,266.86146104578347,270.53015226795435,21878600
2023-03-29,275.1601257324219,275.778115168562,273.1001709238038,273.63966935521813,25087000
2023-03-30,278.63262939453125,279.03481352881886,276.1116667967819,278.80921921277934,25053400
2023-03-31,282.8014831542969,283.7529843526712,277.60257759753506,278.3186656946347,32766000
2023-04-03,281.751953125,282.7720966657289,278.53451056340606,281.0554727089369,24883300
2023-04-04,281.702880859375,284.91053440736965,280.22170001439565,281.75194521809124,25824300
2023-04-05,278.91705322265625,281.67345840201926,277.52415228002326,280.3982640251811,22064800
2023-04-06,286.03857421875,286.5094004398076,276.65108727435404,277.8085749818448,29770300
2023-04-10,283.8707580566406,284.07674454726254,279.279992431104,283.6941682719904,23103000
2023-04-11,277.4358215332031,280.52576833041724,276.2685448865865,280.30014413926625,27276600
2023-04-12,278.0832824707031,281.53616835496916,276.58246375618245,279.35850689315987,27403400
2023-04-13,284.3121643066406,284.3710175910473,277.7693913938778,278.18136438472453,24222700
2023-04-14,280.68280029296875,282.9781686132696,278.2795143077269,281.52638414818057,20987900
2023-04-17,283.2919921875,286.0386085271272,280.702357854445,284.40044560842966,23836200
2023-04-18,282.8702087402344,286.1955691018291,281.53616100019883,286.0091903829201,20161800
2023-04-19,282.9486999511719,283.53723281599844,279.11326779246525,280.5355954631928,17150300
2023-04-20,280.6533203125,283.51764349522205,279.642965581356,279.8097365276155,23244400
2023-04-21,280.3100280761719,280.81028105928004,277.6615101881032,279.57433198899173,21676400
2023-04-24,276.3961486816406,279.51552334052303,273.4043294234808,276.71005291350576,26611000
2023-04-25,270.1672058105469,276.22933373061375,270.1181414486959,274.1791977810331,45772200
2023-04-26,289.7366638183594,293.8565728984229,287.14702977545284,291.04131466578156,64599200
2023-04-27,299.01629638671875,299.3792649257392,289.6190184598168,290.325287881764,46462600
2023-04-28,301.39996337890625,303.038096464785,297.525285592319,298.2119472041732,36469600
2023-05-01,299.7323913574219,302.7144211983591,299.33020723943775,301.11550358691363,21294100
2023-05-02,299.585205078125,303.28329262686395,298.1138131714134,301.8903917190822,26404400
2023-05-03,298.59454345703125,302.72424287126495,298.2904581044127,300.77220529757426,22360800
2023-05-04,299.585205078125,301.8903917190822,297.6135303437571,300.39936209486564,22519900
2023-05-05,304.7252502441406,306.02008227407686,298.4669253683265,299.889282816664,28197100
2023-05-08,302.763427734375,304.28388412845356,300.2522543951284,304.2152119824431,21318600
2023-05-09,301.1449279785156,304.1269577971299,300.4680851917981,302.1258560826802,21340800
2023-05-10,306.3536682128906,307.0305110314142,301.80217716217044,302.7340409435867,30078000
2023-05-11,304.1956481933594,305.1863953148608,300.41909834261793,304.18585926694135,31680200
2023-05-12,303.0773010253906,304.72525274855644,300.7525066417202,304.62715396932276,19774700
2023-05-15,303.55792236328125,303.9895330096851,301.72359208383597,303.2048027083374,16336500
2023-05-16,305.7944641113281,307.726893335858,303.92088816790715,303.92088816790715,26730300
2023-05-17,308.68475341796875,309.10746737687026,305.4799275878983,307.0037079063203,24315000
2023-05-18,313.1282043457031,313.6394211850269,308.4094689120249,309.20575514144576,27276000
2023-05-19,312.9512634277344,313.35432671083794,311.0146096045722,311.37834159149793,27546700
2023-05-22,315.74322509765625,317.129360952399,312.6269020066113,313.20691119388795,24115700
2023-05-23,309.9234924316406,317.25720598124957,309.9136521048474,314.6127381595615,30797200
2023-05-24,308.5372619628906,311.14239768103363,307.3182318525054,309.4023704280069,23384900
2023-05-25,320.40301513671875,321.3664070243796,314.58321250494043,317.7683579312352,43301700
2023-05-26,327.2550048828125,327.75635143562505,318.3975124375742,318.5351269811533,36630600
2023-05-30,325.6033935546875,330.0567102220312,324.9250712145435,329.5553637104811,29503100
2023-05-31,322.83111572265625,330.25329932804357,321.78903152014396,326.66509155855823,45950600
2023-06-01,326.9502258300781,327.8841566682848,319.2232906882485,320.41279996560337,26773900
2023-06-02,329.7224426269531,331.7869004521861,326.9206805784931,328.59191548486876,25873800
2023-06-05,330.2533874511719,332.82903267433227,328.99505581539154,329.5455740309834,21307100
2023-06-06,328.0316467285156,329.69304176567135,326.5472275540523,329.6537104627404,20396200
2023-06-07,317.9059143066406,328.827832785805,317.0408059120564,326.0359111493643,40717100
2023-06-08,319.754150390625,321.11079515355357,317.8764784362374,318.4564875738247,23277700
2023-06-09,321.25823974609375,324.40405344263496,318.91852262119164,319.48869141586215,22529000
2023-06-12,326.2325439453125,326.47831201668896,319.65578795519957,323.0178783710778,24260300
2023-06-13,328.63128662109375,331.27575382243526,324.7973101956696,328.80823245588505,22951300
2023-06-14,331.6296691894531,333.30090441787564,327.1763520230472,328.6804517282309,26003800
2023-06-15,342.20751953125,343.9180559623726,331.4920360241556,331.7672951050373,38899100
2023-06-16,336.5351867675781,345.52048357890783,336.1616444283532,345.37302870803074,46552000
2023-06-20,332.3276062011719,336.28938669423195,330.17467528796925,333.5662870008195,26375400
2023-06-21,327.9136657714844,332.01309136032313,326.4488973241474,330.67609713912924,25117800
2023-06-22,333.95953369140625,334.3625969961484,327.69736698314864,328.4641622943436,23556800
2023-06-23,329.348876953125,332.239111966168,327.80547621565904,328.70004562356576,23146900
2023-06-26,323.03759765625,330.420451002799,322.9294440913957,328.07092355992313,21520600
2023-06-27,328.90655517578125,330.45979643869066,323.72574418918015,326.242407248698,24354100
2023-06-28,330.16485595703125,332.258804870359,328.1593799554091,328.99499745616725,20259500
2023-06-29,329.37835693359375,330.4204111551237,326.98949848240625,329.0441159569695,16997000
2023-06-30,334.7755126953125,336.9284438391697,331.4920541930487,332.032732059811,26832800
2023-07-03,332.2686462402344,335.1293906566377,330.87270016823766,333.44834517518075,12508700
2023-07-05,332.4258728027344,335.8666256515005,329.06378253391966,329.417674140749,18172400
2023-07-06,335.4931335449219,337.18401940600376,329.8208161509684,331.5903346098022,28161200
2023-07-07,331.51165771484375,336.00430553625574,331.29538059868645,333.5761156416205,21214800
2023-07-10,326.212890625,329.55536067649837,322.0446733856095,328.93602028459145,32791400
2023-07-11,326.842041015625,327.22542360300366,321.4646344623469,325.4559055054398,26698200
2023-07-12,331.4920654296875,335.86672013893883,329.98796567555513,330.90221591804897,29995300
2023-07-13,336.8595886230469,337.92129360338816,333.2811907244009,333.81205821506575,20567200
2023-07-14,339.3959045410156,345.4811250749577,338.48165441257885,341.70613067280914,28352700
2023-07-17,339.8776550292969,341.1163059378195,336.4074104186514,339.82848340532155,20363900
2023-07-18,353.4046630859375,360.57126878762074,336.3778730937699,339.97589142858743,64738600
2023-07-19,349.0693359375,356.3244150776322,346.4740403920073,355.6264420712178,39732900
2023-07-20,340.99835205078125,351.9104627618091,339.52374330607455,347.58494977753446,33778400
2023-07-21,337.9508056640625,344.3702675687518,334.077497807225,343.2397402503529,69405400
2023-07-24,339.2680969238281,341.04748554440357,336.515506241867,339.99559089055157,26678100
2023-07-25,345.03875732421875,345.93335679685634,339.22879591466364,341.23424198421435,41637700
2023-07-26,332.0523986816406,338.8356231603512,327.4712770775954,335.66028807830253,58383700
2023-07-27,325.1217041015625,335.55208782574067,323.47995999932067,334.71650028968384,39635300
2023-07-28,332.6422119140625,334.2544650928314,327.53025330055345,328.02178951344797,28484900
2023-07-31,330.2336730957031,331.9835406579094,327.71698030864405,331.2167454340434,25446000
2023-08-01,330.6466369628906,332.8094086981956,328.05134088151965,329.51610946529735,18311900
2023-08-02,321.9562683105469,327.9825079954194,320.8355511745765,327.9825079954194,27761300
2023-08-03,321.13043212890625,324.2959264406298,320.4324591287807,320.4816007481319,18253700
2023-08-04,322.23150634765625,329.46693562670976,321.7006387916162,326.2621096416052,23741500
2023-08-07,324.5220642089844,325.50513675634573,321.9759099114376,322.8115275768934,17741500
2023-08-08,320.5307312011719,323.1850385754183,317.5323725014756,321.42533064951436,22327600
2023-08-09,316.7754211425781,321.5727891157856,315.61537294318714,320.9436383983928,22373300
2023-08-10,317.46356201171875,322.70335468908695,315.74318531670457,320.5012521187965,20113700
2023-08-11,315.5760803222656,316.95237568031445,313.8065320039268,314.83877602320496,24355500
2023-08-14,318.5548095703125,318.57446021923187,314.6618210129477,315.9496735414383,18836100
2023-08-15,316.41168212890625,319.5870169204076,315.4679409838277,317.53239911449145,16966300
2023-08-16,315.6432800292969,319.603617653509,315.05218172043595,316.03733554703456,20698900
2023-08-17,312.175537109375,317.0914448901851,311.51547084312125,315.78120358070635,21257200
2023-08-18,311.781494140625,313.65328039991437,306.92466292217586,309.82101758009554,24755000
2023-08-21,317.1012878417969,317.97805902911256,312.3331473900361,313.20991857735174,24040000
2023-08-22,317.6726989746094,321.23895106672995,316.68754513415576,320.66757506765094,16084600
2023-08-23,322.1452941894531,324.31264458594995,318.6578413021839,319.012512305478,21166400
2023-08-24,315.21966552734375,328.0365262054767,315.20980436860924,327.9084513999614,23281400
2023-08-25,318.1849670410156,320.52960769740787,314.0670015423209,316.697375267024,21684100
2023-08-28,318.894287109375,321.30789580516176,316.943671823176,320.8251800789058,14808500
2023-08-29,323.5343933105469,324.09593824452344,317.1013395977492,317.1013395977492,19284600
2023-08-30,323.9087219238281,324.913567962967,321.6034656708571,323.79050827975385,15222100
2023-08-31,322.8940124511719,325.9972408442875,321.92855092385497,324.3126362990831,26411000
2023-09-01,323.78070068359375,327.0612501073794,321.9286064480219,326.39135263713376,14942000
2023-09-05,328.5980224609375,329.8787403792181,323.78063623976607,324.1155849082222,18553900
2023-09-06,327.9380187988281,329.4945486553449,325.2780913747757,328.4305957244297,17535800
2023-09-07,325.0120849609375,328.1350055862109,324.14514483010225,326.37160197842854,18381000
2023-09-08,329.30731201171875,331.1692669104406,324.568725184115,325.18937681702226,19530100
2023-09-11,332.92291259765625,333.39579729462235,330.45016667890303,332.2332928393112,16583300
2023-09-12,326.8444519042969,331.7899430173362,326.5587789605408,330.8343426682216,17565500
2023-09-13,331.07080078125,331.84908074164815,326.2534140831234,326.3913199887265,16544400
2023-09-14,333.67156982421875,335.7994753569571,331.5731876353605,334.1148709499955,20267000
2023-09-15,325.31744384765625,332.3908399335854,324.75589904418035,331.91798541655635,37679800
2023-09-18,324.1747131347656,325.4948156439136,321.5147857988126,322.93340970271976,16834200
2023-09-19,323.7707824707031,324.49981670881084,319.69226147159173,321.32762034749874,16505900
2023-09-20,316.0077819824219,324.69684594431357,315.7516624314958,324.6180468666076,21436500
2023-09-21,314.78619384765625,320.5197962034768,310.3234483172927,314.5202131437501,35560400
2023-09-22,312.3036193847656,316.6777047127133,311.45637147338414,316.54962990690495,21447900
2023-09-25,312.82574462890625,312.9538194326375,310.3234455703718,311.88983649741465,17836000
2023-09-26,307.5059509277344,311.19041687093375,305.4173994181049,310.45155145037705,26297600
2023-09-27,308.1462707519531,309.6338325713444,305.0922879071992,307.6635249378913,19410100
2023-09-28,308.9836730957031,310.79635260217924,304.8558759902322,306.37299129807553,19683600
2023-09-29,311.06231689453125,314.72709028665287,310.30375928067184,313.0326245233169,24147300
2023-10-02,317.0224609375,317.1111512307064,310.50074800072014,311.5844231256774,20570000
2023-10-03,308.73736572265625,316.6185961714055,306.5897075763458,316.0668823806455,21033500
2023-10-04,314.2246398925781,315.2886228065035,309.3382855829603,309.36783899365224,20720100
2023-10-05,314.6186828613281,315.22950343215035,310.22490561454885,314.35270217569223,16965600
2023-10-06,322.40142822265625,324.30276775869294,311.60412139660474,311.8504098359206,25673600
2023-10-09,324.9234313964844,325.3962859760922,318.3819957765028,319.9286944478217,19891200
2023-10-10,323.5146484375,326.18440663278744,322.8053365479783,326.0464706793637,20557100
2023-10-11,327.48480224609375,327.87885770845634,324.2534993515134,326.2927446369784,20063200
2023-10-12,326.2435302734375,328.67686131918805,323.8397526385864,325.662293149409,19313100
2023-10-13,322.8644714355469,328.87388567074674,321.51478545137195,327.4454306740634,21072400
2023-10-16,327.7015686035156,331.14960684186315,325.69184646938805,326.1351476327568,22158000
2023-10-17,327.130126953125,328.50933608538344,322.5491683767467,324.69679617301375,18338500
2023-10-18,325.20916748046875,330.60782214021685,323.42604117320155,327.5538387745364,23153600
2023-10-19,326.4011535644531,331.87860610828534,325.99723691191247,327.2188179633477,25052100
2023-10-20,321.8202209472656,326.9922786523629,320.6183320494055,326.7952358568411,25027700
2023-10-23,324.43084716796875,327.79022513571806,319.57404629112153,320.63799913570296,24374700
2023-10-24,325.62286376953125,326.9134127609565,322.73637053310733,326.38142132445483,31153600
2023-10-25,335.61236572265625,341.0602651549816,332.607628527267,339.8977607961559,55053800
2023-10-26,323.0220947265625,336.5580983520132,322.086186588402,335.48428431504954,37828500
2023-10-27,324.91357421875,331.7209906231655,323.5245037451174,325.52436476789876,29856500
2023-10-30,332.30224609375,334.41048978500254,326.9035921180138,328.4601520528565,22828100
2023-10-31,333.09039306640625,333.9671945272524,329.7211833382764,333.81942744523144,20265300
2023-11-01,340.9322204589844,342.2621842488645,334.60751913563803,334.7454551138456,28158800
2023-11-02,343.1488037109375,343.65121174149834,339.6514894286655,342.0848206936706,24348100
2023-11-03,347.5622253417969,349.12864623567805,342.1734332140444,344.43930484102884,23637700
2023-11-06,351.2368469238281,352.2318617799553,348.1040653780775,348.2025867608286,23828300
2023-11-07,355.1775207519531,357.0788604906001,352.3205805643499,354.0642920772967,25833900
2023-11-08,357.8078918457031,358.46792809184456,355.1972100806517,356.31043874613977,26767800
2023-11-09,355.3350830078125,359.3742191060245,355.0099654575065,356.92116600059455,24847300
2023-11-10,364.1817932128906,364.60540210202504,355.7094651076726,356.1232128388484,28042100
2023-11-13,361.2361755371094,362.9996091955093,360.4677568025591,362.7533207541214,19986500
2023-11-14,364.7728271484375,366.42790811124814,361.89619535821294,365.5018612852778,27683900
2023-11-15,364.9209289550781,368.33647051944837,362.3937891012248,366.5102311130988,26860100
2023-11-16,371.3374938964844,371.5151742717362,365.4244247654556,366.1944031837435,27182300
2023-11-17,365.0987243652344,369.5606472956198,362.2853308931373,368.81040100291824,40157000
2023-11-20,372.5911560058594,374.0027780403626,366.2338861383217,366.45106107636286,52465100
2023-11-21,368.27728271484375,371.3868095328424,366.3523217617588,370.84388727711456,28423100
2023-11-22,372.9958801269531,374.9109599374389,370.1528738051793,373.14394709672723,23345300
2023-11-24,372.5812683105469,373.1143395355948,370.32070891042537,372.4825469539782,10176600
2023-11-27,373.74609375,375.75004385501524,371.36708082466845,371.9396164792958,22179200
2023-11-28,377.7835693359375,378.07970326739826,373.30188504482646,373.489446576594,20453100
2023-11-29,373.9830017089844,379.36296865802484,372.5911120600972,378.8299276120449,28963400
2023-11-30,374.0423278808594,375.2071617545123,370.64651750725193,373.6277101649569,30554400
2023-12-01,369.69879150390625,373.3018950187399,366.5398888981319,371.91988642578656,33040500
2023-12-04,364.3977966308594,364.77288959280634,358.23793933360014,364.3583020623017,32063300
2023-12-05,367.7343444824219,368.28714793242324,360.92299258913255,361.742346716279,23065000
2023-12-06,364.0621337890625,369.37302349150957,363.30203657488124,368.74126102951465,21182100
2023-12-07,366.1845703125,366.678147018609,361.6140451938454,363.4995118262456,23118900
2023-12-08,369.4223937988281,369.6494197796378,363.4994739427989,364.45701385787805,20154400
2023-12-11,366.530029296875,366.82619337920636,361.3968499172915,363.7462797263503,27708800
2023-12-12,369.5704650878906,369.60995965587347,365.70081081484244,366.085815070236,24838300
2023-12-13,369.5605773925781,372.7885879751983,366.00681947505166,371.1893743181654,30955500
2023-12-14,361.2289733886719,368.95840003199714,359.45210962899,368.5141690293138,43277500
2023-12-15,365.96734619140625,367.6158752980434,361.57450204697403,362.13718664647274,78502300
2023-12-18,367.86273193359375,368.2082416707238,363.9437314807634,364.7038589275561,21802900
2023-12-19,368.46484375,368.46484375,365.0887662696819,366.7175631601881,20603700
2023-12-20,365.8587341308594,371.1992368493833,365.76989395307385,370.18247020291363,26316700
2023-12-21,368.7412414550781,369.6000599811611,365.28620500497976,367.77382040386084,17708000
2023-12-22,369.76788330078125,370.3601813274184,367.9219113827599,368.87945132359005,17107500
2023-12-26,369.8468322753906,372.0975404317787,368.7017309150492,370.18246075808156,12673100
2023-12-27,369.2644348144531,370.24170692184094,368.0206120410306,368.88931174783187,14905400
2023-12-28,370.4588928222656,371.62372649746874,369.3532859355964,370.5477330050664,14327000
2023-12-29,371.2091369628906,372.3147438435589,368.6820269140694,371.169642395573,18730800
2024-01-02,366.1054992675781,371.07087861520614,362.058165157809,369.057077669641,25258600
2024-01-03,365.8390197753906,368.46485117398277,363.77587298911,364.2694496401492,23083500
2024-01-04,363.21319580078125,368.3069105586838,362.45309858783475,365.90813521572943,20901500
2024-01-05,363.025634765625,367.2802631804361,361.7916931110851,364.22996302547705,21004600
2024-01-08,369.8764953613281,370.3799532157685,364.2694714991835,364.5557242835835,23134000
2024-01-09,370.9623718261719,371.15978442404423,366.4214603176876,367.23093330789527,20830000
2024-01-10,377.8526916503906,379.2347304946399,371.4855703702305,371.53491598944055,25514200
2024-01-11,379.6887512207031,385.6610162048473,375.49334999822275,381.0411463241009,27850800
2024-01-12,383.4794921875,383.6867859715864,379.7085588741406,380.53776413601776,21661200
2024-01-16,385.25634765625,388.96805409085823,382.64039716399947,388.602812151916,27202300
2024-01-17,384.46661376953125,385.09837624388496,379.86647557529443,382.99576492837696,22234100
2024-01-18,388.8100280761719,388.9284816407009,385.1082035570134,386.6876547102927,23392100
2024-01-19,393.54840087890625,393.54840087890625,388.4448053024204,390.67578129578703,29331100
2024-01-22,391.4161682128906,395.4733538528461,388.5336672952226,394.8810558423085,27016900
2024-01-23,393.77545166015625,394.24929609694567,388.8692984754516,390.6659247403921,20525900
2024-01-24,397.3884582519531,400.4190263282457,395.3055791013252,396.38157265965583,24867000
2024-01-25,399.66876220703125,401.7812847845524,397.3588270396622,399.12583992803854,21021200
2024-01-26,398.7408142089844,400.95205802517637,397.260084299944,399.1751640590117,17803300
2024-01-29,404.4564514160156,404.71312091427023,399.13568066698633,400.8434667217464,24510200
2024-01-30,403.3409423828125,407.7436374380847,401.228450095284,406.963808061775,33477600
2024-01-31,392.4724426269531,409.98456474557076,392.10720068242125,401.731946506787,47871100
2024-02-01,398.5927734375,402.75856172705096,396.63819898392825,396.6678123790341,30657700
2024-02-02,405.93719482421875,407.3488168603616,398.375596677948,398.6223850112119,28256700
2024-02-05,400.438720703125,405.87794489838444,398.800042648597,404.63412212946537,25352300
2024-02-06,400.2808532714844,402.72900473671854,397.7340105590945,400.6658575873115,18382600
2024-02-07,408.7308349609375,408.977623299913,402.16627116929635,402.2057657386807,22340500
2024-02-08,408.7900390625,410.22142339932105,407.23035010197816,408.7308122744756,21225300
2024-02-09,415.14727783203125,415.4138284838294,409.7574296442869,409.91537777577173,22032800
2024-02-12,409.9252624511719,415.3348429045064,409.4218046606071,415.1571625521398,21202900
2024-02-13,401.1001281738281,404.8019529758041,398.2077762920108,399.7378518266166,27824900
2024-02-14,404.9769287109375,405.32307733535373,400.111169801605,403.5725956832902,20401200
2024-02-15,402.0792236328125,404.6209064246705,399.8342525934749,403.6418270582009,21825500
2024-02-16,399.6067810058594,403.7901722944783,398.99361896429224,403.4637923812322,22296500
2024-02-20,398.3507995605469,400.0320454973026,393.62348186339256,398.7958219344355,24307900
2024-02-21,397.74749755859375,397.8563009238514,392.8421710254568,395.7596706387702,18518900
2024-02-22,407.11309814453125,408.28008583103167,404.0670568612319,405.66919761409457,27009900
2024-02-23,405.8175048828125,411.2766562901841,404.4626089303817,411.08877810913,16295900
2024-02-26,403.04840087890625,407.61747779162243,402.870361769412,406.9251806067473,16193500
2024-02-27,402.9891052246094,403.8198438215264,399.39910723637763,403.4934639055569,14835800
2024-02-28,403.2264404296875,404.7890136651283,400.85289732894444,403.6813622301974,13183100
2024-02-29,409.0812072753906,409.63503299154024,401.44628969562774,404.1363132517421,31947300
2024-03-01,410.9206848144531,411.2866021355908,406.3516076606767,406.7372936922519,17823400
2024-03-04,410.3470764160156,412.7502875361098,407.77572562860115,408.8833770001061,17596000
2024-03-05,398.2123107910156,409.6844709938999,396.22448391124544,409.39765868898735,26919200
2024-03-06,397.6584777832031,400.69464990996806,393.9992743713947,398.52878394681863,22344100
2024-03-07,404.6307678222656,405.26369850856435,397.8067905120689,401.6440327730968,18718500
2024-03-08,401.7430114746094,405.89673494271136,399.8738268595912,403.46382510907745,18002200
2024-03-11,400.0617370605469,401.20895621575255,396.8376863432141,399.310133613595,16120800
2024-03-12,410.7030944824219,410.98990677094014,402.306674544951,403.1275136284859,22457000
2024-03-13,410.525146484375,413.57118820964047,406.9153795439051,413.4920831775679,17115900
2024-03-14,420.5335693359375,423.10492026926096,413.3832416992079,415.60844401398504,34157300
2024-03-15,411.8305358886719,417.94241719453214,408.2405382709743,414.66890001382535,45079900
2024-03-18,412.72064208984375,416.09306343618266,409.2196486698743,409.6844699154105,20106000
2024-03-19,416.76556396484375,417.0227081134529,410.970132443708,413.2250029233721,19837900
2024-03-20,420.54345703125,421.26539222387987,416.02381676802577,417.3490447100486,17860100
2024-03-21,424.6378479003906,426.07187931857345,422.45221307253894,425.092769724827,21296200
2024-03-22,424.0147705078125,425.1224219595106,421.374213954432,424.9642119074724,17648500
2024-03-25,418.1996154785156,422.6994877147333,416.96339181712204,420.5533901588077,18060500
2024-03-26,417.00286865234375,421.2950326486401,416.70618711068727,420.91921590838507,16725600
2024-03-27,416.78533935546875,419.7720747256789,414.3920274982848,419.7621752794236,16705000
2024-03-28,416.0831604003906,417.2204799799258,414.5007882900106,416.32050565351443,21871200
2024-04-01,419.8907470703125,423.17416401356485,417.56664079478026,419.27758502766966,16316000
2024-04-02,416.7952575683594,417.7249001210624,413.23492759856475,415.4798987691936,17912000
2024-04-03,415.8161315917969,418.5951594920779,414.47110478435076,415.1040656775575,16502300
2024-04-04,413.2744445800781,423.9455337356059,412.9678635822988,420.3060690004988,19370900
2024-04-05,420.83026123046875,421.809370796235,413.7096317572202,415.3810083958257,16554800
2024-04-08,419.9105224609375,422.5708779576157,418.63473130535374,420.48414709018743,14272400
2024-04-09,421.5819091796875,423.02580987120587,416.97326404906397,421.74014941976674,12496900
2024-04-10,418.5951843261719,419.3566871510799,415.0744221472326,417.5369697470064,16216600
2024-04-11,423.21368408203125,424.6378159464607,417.7050650079003,421.1269533333631,17966400
2024-04-12,417.2501525878906,420.4940018672189,415.14362290023075,419.3764509864425,19253800
2024-04-15,409.0812072753906,422.1159406782311,408.87349999590606,421.898364133941,20273500
2024-04-16,410.0108337402344,413.7887401482267,409.1702258721835,410.00096447508815,16765600
2024-04-17,407.3009948730469,414.26341355447306,405.80762733886866,412.65137340217865,15855500
2024-04-18,399.814453125,407.3504970183281,399.49800284316774,406.1043740582622,21029900
2024-04-19,394.7212219238281,401.0111429150955,393.3860944801934,399.5771115531844,30565800
2024-04-22,396.54095458984375,398.4101391191041,391.38838318863185,395.6706483655049,20286900
2024-04-23,403.0780944824219,403.70115595190015,398.61779046162303,399.78477819553336,15734500
2024-04-24,404.55169677734375,407.92411836771373,402.29682614633634,405.046186215558,15065300
2024-04-25,394.64215087890625,395.4827889847814,383.7534834719766,389.6873569046374,40586500
2024-04-26,401.8418884277344,408.4482598176065,401.28806269332824,407.6274206623671,29694700
2024-04-29,397.81671142578125,401.84186227525186,394.7904387950027,400.7836477446808,19582100
2024-04-30,385.03912353515625,397.727739119863,384.88091347817664,397.0651100086482,28781400
2024-05-01,390.5872802734375,397.29255516859246,386.0083037107917,388.2829428234783,23562500
2024-05-02,393.4553527832031,395.5223150142754,390.3005077512401,393.2773438288502,17709400
2024-05-03,402.1781311035156,402.66272106797066,397.431014652392,397.8463990370952,17446700
2024-05-06,408.9822692871094,409.3679552945795,401.8912785681901,404.254952201575,16996600
2024-05-07,404.82855224609375,410.09982581142424,404.58130756204883,410.08992636606695,20018200
2024-05-08,406.0153503417969,407.68672686794355,402.2275447730789,403.6714754994307,11792300
2024-05-09,407.7757263183594,408.17131178296086,404.59121352927775,406.0450135021462,14689700
2024-05-10,410.1690673828125,410.8020283165112,407.2614672287658,408.3889175739522,13402300
2024-05-13,409.1603088378906,413.73928549404195,406.29227636469005,413.4030363250276,15440200
2024-05-14,411.9690246582031,412.8887677392151,407.01423099397886,407.47905225770086,15109300
2024-05-15,419.1718444824219,419.8951120945601,413.4155159621218,414.0397012631118,22239500
2024-05-16,417.10113525390625,421.4902365295034,416.4670629155656,417.9036505371182,17530100
2024-05-17,416.328369140625,419.01335772051186,414.1685137971008,418.63686307177926,15352200
2024-05-20,421.4110107421875,422.8277941720161,416.1104241550555,416.32839316238903,16272100
2024-05-21,425.0767822265625,428.9704718767671,420.92548463230116,422.8871751734283,21453300
2024-05-22,426.5431823730469,428.4157385456956,423.184512261855,426.1171616329994,18073700
2024-05-23,423.0556640625,429.5947037930371,421.4902723328989,428.97051846736764,17211700
2024-05-24,426.18646240234375,427.07814273445496,420.4895772016025,423.2438961414034,11855300
2024-05-28,426.3450012207031,426.8403825578059,422.6593628632313,425.6613725566471,15718000
2024-05-29,425.20562744140625,426.95926647856015,421.75776247263485,421.75776247263485,15517100
2024-05-30,410.83953857421875,420.3805569661453,410.4134876792539,420.3805569661453,28394500
2024-05-31,411.2953186035156,412.90034931684085,400.7734237177811,412.90034931684085,47995300
2024-06-03,409.70013427734375,412.58325703510326,405.142650563615,411.69157675353347,17484700
2024-06-04,412.2265930175781,412.59317033367023,405.8956056320702,408.62020272112443,14348900
2024-06-05,420.0932922363281,420.1626226445845,412.45449022904074,413.95055154632206,16988000
2024-06-06,420.5985412597656,421.3812522043053,416.69493407447,420.09327287817626,14861300
2024-06-07,419.93475341796875,422.3422993904052,419.09259912200673,422.2630516824485,13621700
2024-06-10,423.9176330566406,424.1256847583601,419.97441684803016,420.7769322189121,13982900
2024-06-11,428.68316650390625,428.82188778491104,421.3218074365333,421.54969372575147,14551100
2024-06-12,436.98577880859375,439.3041598174871,429.2479248102113,431.29881078427445,22366200
2024-06-13,437.5010070800781,439.294315495877,435.31142984234975,436.7777696147528,15960600
2024-06-14,438.4818420410156,439.04658401937843,432.6858743754039,434.23146172147676,13582000
2024-06-17,444.2282409667969,446.774508213362,436.64891280244507,438.5016341053226,20790000
2024-06-18,442.2170104980469,445.9819268194956,440.7804227549636,445.55587588842855,17112500
2024-06-20,441.5829162597656,442.4052359389207,437.1938148300054,442.17734964919055,19877400
2024-06-21,445.625244140625,446.4178422030527,442.3854610099622,443.24741971766383,34187100
2024-06-24,443.53472900390625,448.5677899641911,442.286358388998,445.64502805126915,15913700
2024-06-25,446.784423828125,447.25008347754516,442.62320865306464,444.10935261048957,16413400
2024-06-26,447.9832458496094,449.40994649209836,444.0499168986336,444.85243223057404,16507000
2024-06-27,448.6668701171875,451.9562093572158,447.5968295279366,448.00304584092294,14806300
2024-06-28,442.82135009765625,451.1734714446709,442.28632983499693,448.88481228887935,28362300
2024-07-01,452.5110168457031,453.1450891922846,441.5432675183624,444.5155553424217,17662800
2024-07-02,455.0374755859375,455.3446095932429,448.92445663899935,449.0136518862479,13979800
2024-07-03,456.5137023925781,456.76139305889615,453.65041401249385,453.957548019874,9932800
2024-07-05,463.2409362792969,464.02364716117125,454.73028958800995,455.36436189858233,16000300
2024-07-08,461.9331970214844,463.37973235023577,460.16964060410885,462.24033104325304,12962300
2024-07-09,455.2950744628906,463.0130936996793,453.7692915232205,462.6861553304454,17207200
2024-07-10,461.9430847167969,462.1511364069266,454.6213342335764,456.9595498058476,18196100
2024-07-11,450.4997863769531,460.4866605260143,447.37885985942484,458.70329986086364,23111200
2024-07-12,449.3603820800781,452.1444226722039,446.48717647887116,450.1331757277914,16324300
2024-07-15,449.7666015625,453.0361364302562,447.2599732817251,449.1126945889487,14429400
2024-07-16,445.3676452636719,450.10348983727977,442.5340784087055,450.024242123689,17175700
2024-07-17,439.42303466796875,440.7407659095282,435.12312844393387,438.5016326704633,21778000
2024-07-18,436.3021240234375,440.5425867682437,430.38727005541875,440.23545277919766,20794800
2024-07-19,433.072265625,437.06506829851725,428.00948278389916,429.0993277918271,20940400
2024-07-22,438.8484191894531,440.493088848888,434.8556468413205,437.70904816681343,15808800
2024-07-23,440.74078369140625,444.2480920401895,439.00694900358457,439.7995470523178,13107100
2024-07-24,424.9381103515625,437.4019218843712,423.64021365061654,436.3814375263218,26805800
2024-07-25,414.53509521484375,425.8297836093588,413.65333216081086,424.83902093903856,29943800
2024-07-26,421.34161376953125,424.9579215661057,413.41551271082733,414.33694493801545,23583800
2024-07-29,422.7881774902344,428.15809438761096,420.77693042040073,427.5933523925366,15125800
2024-07-30,419.01336669921875,425.0867165408092,413.5046983714735,423.7690154776861,32687600
2024-07-31,414.4855651855469,417.88387385546883,408.4022679352166,416.61569885909415,42891400
2024-08-01,413.2569885253906,423.5113878535516,409.2741336141255,416.9030180044247,30296400
2024-08-02,404.71661376953125,411.16648811391514,400.60495493552725,408.6796642573762,29437900
2024-08-05,391.4998474121094,397.3354538191348,382.01824178124633,385.57510623229217,40709200
2024-08-06,395.918701171875,401.92275145323185,394.818968995954,396.3051131703428,24946500
2024-08-07,394.7496032714844,406.2919834970983,393.7984794780894,404.86531292484597,20650900
2024-08-08,398.97021484375,402.11091551932753,396.24561755012843,398.7225241806935,20203000
2024-08-09,402.2694396972656,404.2806866644843,398.5441926988125,400.2978317019802,19276700
2024-08-12,403.0521240234375,404.98412315480687,400.5058569282367,403.29981466921953,16762900
2024-08-13,410.1856384277344,411.1169577013194,405.7866500141935,405.8064543815787,19414300
2024-08-14,413.0093078613281,413.8613794713292,408.6400711388976,410.9683392009438,18267000
2024-08-15,417.89263916015625,417.972029702109,414.5477559984779,416.671793760154,20752100
2024-08-16,415.3517150878906,418.20032404609645,414.19042017435385,417.4658479496036,22775600
2024-08-19,418.388916015625,418.60727787010427,413.3566884761521,415.8380594178836,15234000
2024-08-20,421.6345520019531,422.6866508922164,418.4981256850532,418.5576761663757,16387600
2024-08-21,420.9794921875,423.22263097030424,418.57751173597626,420.9199114166435,16067300
2024-08-22,412.4534912109375,423.60975624910697,411.5204932561933,421.19784052472494,19361900
2024-08-23,413.6842346191406,416.13583025134443,409.0192452654988,413.87282122855413,18493800
2024-08-26,410.4088134765625,414.1705802586453,408.2748405512739,413.2673576122786,13152800
2024-08-27,410.7561950683594,411.2723092927535,407.19295021742596,409.78348680566967,13492900
2024-08-28,407.5403747558594,411.9075816112939,404.2748820734033,411.7884806509906,14882700
2024-08-29,410.04156494140625,418.9050143386061,407.54035403170906,411.84801018793996,17045200
2024-08-30,414.0316467285156,414.37901443017955,409.05896964037805,412.50311373853776,24308300
2024-09-03,406.3890075683594,416.75121498794704,403.9969623587052,414.7958934848788,20313600
2024-09-04,405.8530578613281,408.1756176150405,401.356814564364,402.8853476688359,15135800
2024-09-05,405.3468322753906,410.0217264889614,403.10366332769695,404.58255066568705,14195500
2024-09-06,398.70672607421875,407.5900165631096,397.81340823350934,406.01186815612465,19609500
2024-09-09,402.6967468261719,405.6049064318399,399.1533416913916,404.2054095225525,15295100
2024-09-10,411.11358642578125,413.2276892130327,404.66202140160664,405.15829563423546,19594300
2024-09-11,419.8876953125,420.83059814465895,406.527971667463,412.4038716868024,19266900
2024-09-12,423.81817626953125,424.18541433930886,416.62220020874884,420.1556701684846,17395700
2024-09-13,427.38140869140625,428.61215900524985,422.2896305914577,422.65686865025475,15874600
2024-09-16,428.1258239746094,430.2995073976486,425.0290778075874,427.3913478501723,13834700
2024-09-17,431.907470703125,438.55755772279144,429.04892619664366,436.9496340104397,18874200
2024-09-18,427.59979248046875,432.78089656665435,427.20277916114134,431.75857288155333,18898000
2024-09-19,435.42108154296875,438.21014026162374,433.64441133789575,437.9421630848395,21706600
2024-09-20,432.0265197753906,435.9669380311288,430.9843560989312,433.962001220441,55167100
2024-09-23,430.2796630859375,433.2076626680782,427.1829169494896,431.0439144432746,15128900
2024-09-24,425.9720153808594,430.1208604741096,422.9248844858402,429.77346247181356,17015800
2024-09-25,428.8900451660156,429.89252867410806,425.3764458799475,426.6270361808483,13396400
2024-09-26,428.0960388183594,432.05629715674354,425.93229062231114,431.847870478453,14492000
2024-09-27,424.83056640625,428.6320438404545,424.2846768880014,428.3044858973661,14896100
2024-09-30,427.09356689453125,427.21269814697155,422.20031052363777,425.01914436125503,16807300
2024-10-01,417.5552062988281,425.28716713975047,415.68921038228643,425.257391898111,19092900
2024-10-02,414.021728515625,419.66933146547984,413.6048448503053,419.4310992466512,16582300
2024-10-03,413.4361572265625,416.4237075893507,411.2029231201695,414.5180314477273,13686400
2024-10-04,412.9596862792969,416.62219231091404,411.87781215445386,415.12343452898295,19169700
2024-10-07,406.48828125,414.0018496365578,405.95229663138974,412.90013544904184,20919800
2024-10-08,411.6197509765625,412.5626841012525,405.1285060524599,407.83814388099404,19229300
2024-10-09,414.3492431640625,417.247497795826,411.2127866111198,412.7611596791307,14974300
2024-10-10,412.7413024902344,414.24006019253727,410.0713450038319,412.1358625356339,13848400
2024-10-11,413.2177429199219,414.0217046730069,410.1706121672714,413.039091483719,14144900
2024-10-14,416.0167236328125,420.88020441582967,414.40876988651684,414.65690697024394,16653100
2024-10-15,415.6197204589844,419.3318721896264,412.1656713035286,419.0340894861109,18900200
2024-10-16,413.01922607421875,413.25742799200697,407.4212689749873,412.0763232895253,15508900
2024-10-17,413.6147766113281,419.35170523704693,412.49319205621896,419.2127339196968,14820000
2024-10-18,415.0440673828125,416.52295489433874,413.1582313681452,414.0316788587722,17145300
2024-10-21,415.6594543457031,415.8381058037946,410.6669366656409,413.019271734373,14206100
2024-10-22,424.32440185546875,427.37150260733677,414.92496672704124,415.37159535996557,25482200
2024-10-23,421.4360656738281,427.86776005710016,419.3814831724278,427.6493981928425,19654400
2024-10-24,421.56512451171875,422.8058101049405,419.2524696034551,422.1606293643247,13581600
2024-10-25,424.9596252441406,429.29705725112956,423.3914119749303,423.5799986091625,16899100
2024-10-28,423.4112243652344,428.72136443906953,423.12337684387694,428.44345209470936,14882400
2024-10-29,428.7313232421875,429.94223358580945,422.62712592652906,424.81074467410167,17644100
2024-10-30,429.3069763183594,435.2324917274877,428.880187758029,434.18039280239805,29749100
2024-10-31,403.3220520019531,413.05894946974416,403.2724064074055,412.2648925685448,53971000
2024-11-01,407.31207275390625,412.40385077597955,404.4634637574288,405.9622215000355,24230400
2024-11-04,405.4162902832031,407.3617068567998,402.54784130454914,406.7463014364753,19672300
2024-11-05,408.3939514160156,411.8083202953773,405.039133016745,405.3269805306338,17626000
2024-11-06,417.04901123046875,417.3170187046076,407.46098932083436,409.3468556567166,26681800
2024-11-07,422.2598571777344,423.66928922885575,416.75122569160607,418.14078738908074,19901800
2024-11-08,419.39141845703125,423.3219017245024,418.6370719639162,422.15070185689933,16891400
2024-11-11,414.8951721191406,421.6444892164841,412.90014011467326,419.37154486777723,24503300
2024-11-12,419.87774658203125,421.27724345465793,414.09120276331856,415.1333664626366,19401200
2024-11-13,422.0316162109375,426.1308158963339,415.09368189625457,418.4981461257373,21502200
2024-11-14,423.7090148925781,424.9794756745813,416.87034165331505,421.83308381585454,30246900
2024-11-15,411.9075927734375,419.64945830467593,410.5577414665236,416.69168340974903,28247600
2024-11-18,412.66192626953125,415.282238255226,409.0291955453545,411.778543667536,24727000
2024-11-19,414.67681884765625,414.82569505476647,408.48329602030253,410.03166915459735,18133500
2024-11-20,412.3939208984375,414.18052617467214,407.52050466835993,413.76364252316546,19191700
2024-11-21,410.61370849609375,417.48594978990576,408.047821251109,417.2074811714516,20780200
2024-11-22,414.72113037109375,415.11893833486243,408.8135895391823,409.1218929874132,24814600
2024-11-25,416.5013732910156,418.778836873561,412.58290247238904,416.09361024787086,27691100
2024-11-26,425.6510925292969,426.69537265560376,416.5610569682543,417.29700327286355,23458900
2024-11-27,420.67840576171875,424.8952553598379,419.71370546967114,422.78681538537654,18332400
2024-11-29,421.1458740234375,422.55812738435895,415.5168010593915,417.7942952020102,16271900
2024-12-02,428.624755859375,430.63370587040276,419.0075879189551,419.26617676175783,20207200
2024-12-03,428.84356689453125,430.1066156030698,425.40245343840513,427.4909833141871,18302000
2024-12-04,435.0295715332031,437.2672755840065,430.26573974460115,430.6635477279166,26009400
2024-12-05,440.2011413574219,442.2300015529848,433.7864078777922,435.5268443828614,21697800
2024-12-06,441.14593505859375,443.6621076103015,439.3557536946216,439.88285607578405,18821000
2024-12-09,443.5825500488281,445.8799237829371,438.09272702914495,440.1812568830996,19144400
2024-12-10,440.9072265625,447.16286075507645,439.186700287295,441.961461676973,18469500
2024-12-11,446.5363464355469,447.8889300799693,441.62334015579273,441.62334015579273,19200200
2024-12-12,447.10321044921875,453.66714837494953,446.65565750056305,446.65565750056305,20834800
2024-12-13,444.8257141113281,448.9629838704377,443.14494732322726,445.98933356109154,20177800
2024-12-16,449.1221008300781,449.70887289523523,442.84658679582157,444.82570192667384,23598800
2024-12-17,451.9764404296875,452.80192160914675,447.1131792784758,448.5453123373024,22733500
2024-12-18,434.999755859375,450.17634202962637,434.6317523490202,448.8536235978926,24444500
2024-12-19,434.6416931152344,440.7580781855559,433.9355816606558,439.2066057877418,22963700
2024-12-20,434.2140808105469,441.3150464611244,426.28763393531244,430.7431322726768,64263700
2024-12-23,432.8714294433594,435.25830776300677,430.4646409959487,434.35327712310794,19152500
2024-12-24,436.92913818359375,437.1976821134136,431.8172430131867,432.27472070918293,7164500
2024-12-26,435.7157897949219,438.5303413291557,434.24389716434194,436.6804901261448,8194200
2024-12-27,428.1772155761719,432.8415878431465,424.020065946368,432.22498090820386,18117700
2024-12-30,422.5083312988281,425.21346797282456,419.5943507529856,423.7316203926744,13158700
2024-12-31,419.1965637207031,424.3979934566231,418.36115784079396,423.77143145899026,13246500
